,sex,age,Medu,Fedu,traveltime,studytime,failures,schoolsup,famsup,paid,activities,nursery,higher,internet,romantic,famrel,freetime,goout,health,absences,G1,G2,G3,Talc,school_GP,school_MS,address_R,address_U,Mjob_at_home,Mjob_health,Mjob_other,Mjob_services,Mjob_teacher,Fjob_at_home,Fjob_health,Fjob_other,Fjob_services,Fjob_teacher,reason_course,reason_home,reason_other,reason_reputation,Pstatus_A,Pstatus_T
0 ,0 ,1 ,4 ,4 ,2 ,2 ,0 ,1 ,0 ,0 ,0 ,1 ,1 ,0 ,0 ,1 ,1 ,1 ,1 ,0 ,0 ,0 ,0 ,2 ,1 ,0 ,0 ,1 ,1 ,0 ,0 ,0 ,0 ,0 ,0 ,0 ,0 ,1 ,1 ,0 ,0 ,0 ,1 ,0 
1 ,0 ,1 ,1 ,1 ,1 ,2 ,0 ,0 ,1 ,0 ,0 ,0 ,1 ,1 ,0 ,1 ,1 ,1 ,1 ,0 ,0 ,0 ,0 ,2 ,1 ,0 ,0 ,1 ,1 ,0 ,0 ,0 ,0 ,0 ,0 ,1 ,0 ,0 ,1 ,0 ,0 ,0 ,0 ,1 
2 ,0 ,1 ,1 ,1 ,1 ,2 ,3 ,1 ,0 ,1 ,0 ,1 ,1 ,1 ,0 ,1 ,1 ,0 ,1 ,0 ,0 ,0 ,1 ,5 ,1 ,0 ,0 ,1 ,1 ,0 ,0 ,0 ,0 ,0 ,0 ,1 ,0 ,0 ,0 ,0 ,1 ,0 ,0 ,1 
3 ,0 ,1 ,4 ,2 ,1 ,3 ,0 ,0 ,1 ,1 ,1 ,1 ,1 ,1 ,1 ,1 ,0 ,0 ,1 ,0 ,1 ,1 ,1 ,2 ,1 ,0 ,0 ,1 ,0 ,1 ,0 ,0 ,0 ,0 ,0 ,0 ,1 ,0 ,0 ,1 ,0 ,0 ,0 ,1 
4 ,0 ,1 ,3 ,3 ,1 ,2 ,0 ,0 ,1 ,1 ,0 ,1 ,1 ,0 ,0 ,1 ,1 ,0 ,1 ,0 ,0 ,1 ,1 ,3 ,1 ,0 ,0 ,1 ,0 ,0 ,1 ,0 ,0 ,0 ,0 ,1 ,0 ,0 ,0 ,1 ,0 ,0 ,0 ,1 
5 ,1 ,1 ,4 ,3 ,1 ,2 ,0 ,0 ,1 ,1 ,1 ,1 ,1 ,1 ,0 ,1 ,1 ,0 ,1 ,0 ,1 ,1 ,1 ,3 ,1 ,0 ,0 ,1 ,0 ,0 ,0 ,1 ,0 ,0 ,0 ,1 ,0 ,0 ,0 ,0 ,0 ,1 ,0 ,1 
6 ,1 ,1 ,2 ,2 ,1 ,2 ,0 ,0 ,0 ,0 ,0 ,1 ,1 ,1 ,0 ,1 ,1 ,1 ,1 ,0 ,1 ,1 ,1 ,2 ,1 ,0 ,0 ,1 ,0 ,0 ,1 ,0 ,0 ,0 ,0 ,1 ,0 ,0 ,0 ,1 ,0 ,0 ,0 ,1 
7 ,0 ,1 ,4 ,4 ,2 ,2 ,0 ,1 ,1 ,0 ,0 ,1 ,1 ,0 ,0 ,1 ,0 ,1 ,0 ,0 ,0 ,0 ,0 ,2 ,1 ,0 ,0 ,1 ,0 ,0 ,1 ,0 ,0 ,0 ,0 ,0 ,0 ,1 ,0 ,1 ,0 ,0 ,1 ,0 
8 ,1 ,1 ,3 ,2 ,1 ,2 ,0 ,0 ,1 ,1 ,0 ,1 ,1 ,1 ,0 ,1 ,0 ,0 ,0 ,0 ,1 ,1 ,1 ,2 ,1 ,0 ,0 ,1 ,0 ,0 ,0 ,1 ,0 ,0 ,0 ,1 ,0 ,0 ,0 ,1 ,0 ,0 ,1 ,0 
9 ,1 ,1 ,3 ,4 ,1 ,2 ,0 ,0 ,1 ,1 ,1 ,1 ,1 ,1 ,0 ,1 ,1 ,0 ,1 ,0 ,1 ,1 ,1 ,2 ,1 ,0 ,0 ,1 ,0 ,0 ,1 ,0 ,0 ,0 ,0 ,1 ,0 ,0 ,0 ,1 ,0 ,0 ,0 ,1 
10 ,0 ,1 ,4 ,4 ,1 ,2 ,0 ,0 ,1 ,1 ,0 ,1 ,1 ,1 ,0 ,1 ,1 ,1 ,0 ,0 ,1 ,0 ,0 ,3 ,1 ,0 ,0 ,1 ,0 ,0 ,0 ,0 ,1 ,0 ,1 ,0 ,0 ,0 ,0 ,0 ,0 ,1 ,0 ,1 
11 ,0 ,1 ,2 ,1 ,3 ,3 ,0 ,0 ,1 ,0 ,1 ,1 ,1 ,1 ,0 ,1 ,0 ,0 ,1 ,0 ,1 ,1 ,1 ,2 ,1 ,0 ,0 ,1 ,0 ,0 ,0 ,1 ,0 ,0 ,0 ,1 ,0 ,0 ,0 ,0 ,0 ,1 ,0 ,1 
12 ,1 ,1 ,4 ,4 ,1 ,1 ,0 ,0 ,1 ,1 ,1 ,1 ,1 ,1 ,0 ,1 ,1 ,1 ,1 ,0 ,1 ,1 ,1 ,4 ,1 ,0 ,0 ,1 ,0 ,1 ,0 ,0 ,0 ,0 ,0 ,0 ,1 ,0 ,1 ,0 ,0 ,0 ,0 ,1 
13 ,1 ,1 ,4 ,3 ,2 ,2 ,0 ,0 ,1 ,1 ,0 ,1 ,1 ,1 ,0 ,1 ,1 ,1 ,1 ,0 ,1 ,1 ,1 ,3 ,1 ,0 ,0 ,1 ,0 ,0 ,0 ,0 ,1 ,0 ,0 ,1 ,0 ,0 ,1 ,0 ,0 ,0 ,0 ,1 
14 ,1 ,1 ,2 ,2 ,1 ,3 ,0 ,0 ,1 ,0 ,0 ,1 ,1 ,1 ,1 ,1 ,1 ,0 ,1 ,0 ,1 ,1 ,1 ,2 ,1 ,0 ,0 ,1 ,0 ,0 ,1 ,0 ,0 ,0 ,0 ,1 ,0 ,0 ,0 ,1 ,0 ,0 ,1 ,0 
15 ,0 ,1 ,4 ,4 ,1 ,1 ,0 ,0 ,1 ,0 ,0 ,1 ,1 ,1 ,0 ,1 ,1 ,1 ,0 ,0 ,1 ,1 ,1 ,3 ,1 ,0 ,0 ,1 ,0 ,1 ,0 ,0 ,0 ,0 ,0 ,1 ,0 ,0 ,0 ,1 ,0 ,0 ,0 ,1 
16 ,0 ,1 ,4 ,4 ,1 ,3 ,0 ,0 ,1 ,1 ,1 ,1 ,1 ,1 ,0 ,1 ,0 ,1 ,0 ,0 ,1 ,1 ,1 ,3 ,1 ,0 ,0 ,1 ,0 ,0 ,0 ,1 ,0 ,0 ,0 ,0 ,1 ,0 ,0 ,0 ,0 ,1 ,0 ,1 
17 ,0 ,1 ,3 ,3 ,3 ,2 ,0 ,1 ,1 ,0 ,1 ,1 ,1 ,0 ,0 ,1 ,1 ,0 ,1 ,0 ,0 ,1 ,1 ,2 ,1 ,0 ,0 ,1 ,0 ,0 ,1 ,0 ,0 ,0 ,0 ,1 ,0 ,0 ,0 ,0 ,0 ,1 ,0 ,1 
18 ,1 ,1 ,3 ,2 ,1 ,1 ,3 ,0 ,1 ,0 ,1 ,1 ,1 ,1 ,0 ,1 ,1 ,1 ,1 ,0 ,0 ,0 ,0 ,6 ,1 ,0 ,0 ,1 ,0 ,0 ,0 ,1 ,0 ,0 ,0 ,0 ,1 ,0 ,1 ,0 ,0 ,0 ,0 ,1 
19 ,1 ,1 ,4 ,3 ,1 ,1 ,0 ,0 ,0 ,1 ,1 ,1 ,1 ,1 ,0 ,1 ,0 ,1 ,1 ,0 ,0 ,1 ,1 ,4 ,1 ,0 ,0 ,1 ,0 ,1 ,0 ,0 ,0 ,0 ,0 ,1 ,0 ,0 ,0 ,1 ,0 ,0 ,0 ,1 
20 ,1 ,1 ,4 ,3 ,1 ,2 ,0 ,0 ,0 ,0 ,0 ,1 ,1 ,1 ,0 ,1 ,1 ,0 ,0 ,0 ,1 ,1 ,1 ,2 ,1 ,0 ,0 ,1 ,0 ,0 ,0 ,0 ,1 ,0 ,0 ,1 ,0 ,0 ,0 ,0 ,0 ,1 ,0 ,1 
21 ,1 ,1 ,4 ,4 ,1 ,1 ,0 ,0 ,1 ,1 ,0 ,1 ,1 ,1 ,0 ,1 ,1 ,0 ,1 ,0 ,1 ,1 ,1 ,2 ,1 ,0 ,0 ,1 ,0 ,1 ,0 ,0 ,0 ,0 ,1 ,0 ,0 ,0 ,0 ,0 ,1 ,0 ,0 ,1 
22 ,1 ,1 ,4 ,2 ,1 ,2 ,0 ,0 ,0 ,0 ,1 ,1 ,1 ,1 ,0 ,1 ,1 ,0 ,1 ,0 ,1 ,1 ,1 ,4 ,1 ,0 ,0 ,1 ,0 ,0 ,0 ,0 ,1 ,0 ,0 ,1 ,0 ,0 ,1 ,0 ,0 ,0 ,0 ,1 
23 ,1 ,1 ,2 ,2 ,2 ,2 ,0 ,0 ,1 ,0 ,1 ,1 ,1 ,1 ,0 ,1 ,1 ,1 ,1 ,0 ,1 ,1 ,1 ,6 ,1 ,0 ,0 ,1 ,0 ,0 ,1 ,0 ,0 ,0 ,0 ,1 ,0 ,0 ,0 ,0 ,0 ,1 ,0 ,1 
24 ,0 ,1 ,2 ,4 ,1 ,3 ,0 ,1 ,1 ,1 ,1 ,1 ,1 ,1 ,0 ,1 ,1 ,0 ,1 ,0 ,1 ,0 ,0 ,2 ,1 ,0 ,1 ,0 ,0 ,0 ,0 ,1 ,0 ,0 ,1 ,0 ,0 ,0 ,1 ,0 ,0 ,0 ,0 ,1 
25 ,0 ,1 ,2 ,2 ,1 ,1 ,2 ,0 ,1 ,1 ,0 ,0 ,1 ,1 ,0 ,0 ,0 ,0 ,1 ,0 ,0 ,0 ,0 ,4 ,1 ,0 ,0 ,1 ,0 ,0 ,0 ,1 ,0 ,0 ,0 ,0 ,1 ,0 ,0 ,1 ,0 ,0 ,0 ,1 
26 ,1 ,1 ,2 ,2 ,1 ,1 ,0 ,0 ,1 ,1 ,0 ,1 ,1 ,1 ,0 ,1 ,0 ,0 ,1 ,0 ,1 ,1 ,1 ,3 ,1 ,0 ,0 ,1 ,0 ,0 ,1 ,0 ,0 ,0 ,0 ,1 ,0 ,0 ,0 ,1 ,0 ,0 ,0 ,1 
27 ,1 ,1 ,4 ,2 ,1 ,1 ,0 ,0 ,0 ,1 ,0 ,1 ,1 ,1 ,0 ,0 ,0 ,1 ,0 ,0 ,1 ,1 ,1 ,6 ,1 ,0 ,0 ,1 ,0 ,1 ,0 ,0 ,0 ,0 ,0 ,0 ,1 ,0 ,0 ,0 ,1 ,0 ,0 ,1 
28 ,1 ,1 ,3 ,4 ,1 ,2 ,0 ,1 ,1 ,0 ,1 ,1 ,1 ,1 ,0 ,1 ,1 ,1 ,1 ,0 ,1 ,1 ,1 ,2 ,1 ,0 ,0 ,1 ,0 ,0 ,0 ,1 ,0 ,0 ,0 ,1 ,0 ,0 ,0 ,1 ,0 ,0 ,1 ,0 
29 ,1 ,1 ,4 ,4 ,1 ,2 ,0 ,0 ,1 ,1 ,1 ,1 ,1 ,1 ,1 ,1 ,1 ,1 ,1 ,0 ,1 ,1 ,1 ,10 ,1 ,0 ,0 ,1 ,0 ,0 ,0 ,0 ,1 ,0 ,0 ,0 ,0 ,1 ,0 ,1 ,0 ,0 ,0 ,1 
30 ,1 ,1 ,4 ,4 ,1 ,2 ,0 ,0 ,1 ,1 ,0 ,0 ,1 ,1 ,0 ,1 ,1 ,0 ,1 ,0 ,0 ,1 ,1 ,7 ,1 ,0 ,0 ,1 ,0 ,1 ,0 ,0 ,0 ,0 ,0 ,0 ,1 ,0 ,0 ,1 ,0 ,0 ,0 ,1 
31 ,1 ,1 ,4 ,4 ,2 ,2 ,0 ,0 ,1 ,0 ,1 ,1 ,1 ,1 ,0 ,1 ,1 ,0 ,1 ,0 ,1 ,1 ,1 ,2 ,1 ,0 ,0 ,1 ,0 ,0 ,0 ,1 ,0 ,0 ,0 ,0 ,1 ,0 ,0 ,0 ,0 ,1 ,0 ,1 
32 ,1 ,1 ,4 ,3 ,1 ,2 ,0 ,0 ,1 ,0 ,1 ,1 ,1 ,1 ,1 ,1 ,1 ,0 ,1 ,0 ,1 ,1 ,1 ,2 ,1 ,0 ,1 ,0 ,0 ,0 ,0 ,0 ,1 ,1 ,0 ,0 ,0 ,0 ,1 ,0 ,0 ,0 ,0 ,1 
33 ,1 ,1 ,3 ,3 ,1 ,2 ,0 ,0 ,0 ,0 ,1 ,0 ,1 ,1 ,0 ,1 ,1 ,0 ,0 ,0 ,0 ,1 ,1 ,2 ,1 ,0 ,0 ,1 ,0 ,0 ,1 ,0 ,0 ,0 ,0 ,1 ,0 ,0 ,1 ,0 ,0 ,0 ,0 ,1 
34 ,1 ,1 ,3 ,2 ,1 ,1 ,0 ,0 ,1 ,1 ,0 ,0 ,1 ,1 ,0 ,1 ,1 ,1 ,1 ,0 ,1 ,1 ,1 ,2 ,1 ,0 ,0 ,1 ,0 ,0 ,1 ,0 ,0 ,0 ,0 ,1 ,0 ,0 ,0 ,1 ,0 ,0 ,0 ,1 
35 ,0 ,1 ,2 ,3 ,2 ,1 ,0 ,0 ,1 ,0 ,1 ,1 ,1 ,0 ,0 ,1 ,1 ,0 ,1 ,0 ,0 ,0 ,0 ,2 ,1 ,0 ,0 ,1 ,0 ,0 ,1 ,0 ,0 ,0 ,0 ,1 ,0 ,0 ,0 ,0 ,1 ,0 ,0 ,1 
36 ,1 ,1 ,4 ,3 ,1 ,3 ,0 ,0 ,1 ,0 ,1 ,1 ,1 ,1 ,0 ,1 ,1 ,1 ,1 ,0 ,1 ,1 ,1 ,2 ,1 ,0 ,0 ,1 ,0 ,0 ,0 ,0 ,1 ,0 ,0 ,0 ,1 ,0 ,0 ,1 ,0 ,0 ,0 ,1 
37 ,1 ,1 ,4 ,4 ,2 ,3 ,0 ,0 ,1 ,0 ,1 ,1 ,1 ,1 ,1 ,0 ,1 ,1 ,1 ,0 ,1 ,1 ,1 ,2 ,1 ,0 ,1 ,0 ,0 ,0 ,1 ,0 ,0 ,0 ,0 ,0 ,0 ,1 ,0 ,0 ,0 ,1 ,1 ,0 
38 ,0 ,1 ,3 ,4 ,1 ,3 ,0 ,1 ,1 ,1 ,1 ,1 ,1 ,1 ,0 ,1 ,1 ,0 ,1 ,0 ,1 ,1 ,1 ,2 ,1 ,0 ,1 ,0 ,0 ,0 ,0 ,1 ,0 ,0 ,1 ,0 ,0 ,0 ,1 ,0 ,0 ,0 ,0 ,1 
39 ,0 ,1 ,2 ,2 ,1 ,1 ,0 ,1 ,1 ,1 ,1 ,1 ,1 ,0 ,0 ,1 ,1 ,0 ,0 ,0 ,1 ,1 ,1 ,2 ,1 ,0 ,1 ,0 ,1 ,0 ,0 ,0 ,0 ,0 ,0 ,1 ,0 ,0 ,0 ,0 ,0 ,1 ,0 ,1 
40 ,0 ,1 ,2 ,2 ,2 ,2 ,1 ,0 ,1 ,0 ,1 ,0 ,1 ,1 ,1 ,1 ,1 ,1 ,1 ,0 ,0 ,1 ,1 ,3 ,1 ,0 ,0 ,1 ,0 ,0 ,1 ,0 ,0 ,0 ,0 ,1 ,0 ,0 ,0 ,1 ,0 ,0 ,0 ,1 
41 ,1 ,1 ,4 ,4 ,1 ,1 ,0 ,0 ,1 ,0 ,0 ,0 ,1 ,1 ,1 ,1 ,1 ,1 ,1 ,0 ,1 ,1 ,1 ,6 ,1 ,0 ,0 ,1 ,0 ,0 ,0 ,0 ,1 ,0 ,0 ,1 ,0 ,0 ,0 ,1 ,0 ,0 ,0 ,1 
42 ,1 ,1 ,4 ,4 ,1 ,2 ,0 ,0 ,1 ,0 ,1 ,1 ,1 ,1 ,0 ,1 ,1 ,1 ,1 ,0 ,1 ,1 ,1 ,2 ,1 ,0 ,0 ,1 ,0 ,0 ,0 ,1 ,0 ,0 ,0 ,0 ,0 ,1 ,1 ,0 ,0 ,0 ,0 ,1 
43 ,1 ,1 ,2 ,2 ,1 ,1 ,0 ,1 ,1 ,0 ,0 ,1 ,1 ,1 ,0 ,1 ,1 ,0 ,0 ,0 ,0 ,0 ,1 ,2 ,1 ,0 ,0 ,1 ,0 ,0 ,0 ,1 ,0 ,0 ,0 ,0 ,1 ,0 ,1 ,0 ,0 ,0 ,0 ,1 
44 ,0 ,1 ,2 ,2 ,2 ,2 ,1 ,1 ,0 ,0 ,1 ,1 ,1 ,1 ,0 ,1 ,1 ,1 ,1 ,0 ,1 ,1 ,0 ,4 ,1 ,0 ,0 ,1 ,0 ,0 ,1 ,0 ,0 ,1 ,0 ,0 ,0 ,0 ,1 ,0 ,0 ,0 ,0 ,1 
45 ,0 ,1 ,4 ,3 ,1 ,2 ,0 ,1 ,1 ,1 ,1 ,1 ,1 ,1 ,1 ,1 ,0 ,0 ,1 ,0 ,0 ,0 ,0 ,2 ,1 ,0 ,0 ,1 ,0 ,0 ,1 ,0 ,0 ,0 ,0 ,1 ,0 ,0 ,1 ,0 ,0 ,0 ,1 ,0 
46 ,0 ,1 ,3 ,3 ,1 ,2 ,0 ,0 ,1 ,0 ,0 ,1 ,1 ,1 ,0 ,0 ,1 ,1 ,1 ,0 ,1 ,1 ,1 ,5 ,1 ,0 ,0 ,1 ,0 ,0 ,1 ,0 ,0 ,0 ,0 ,0 ,1 ,0 ,0 ,1 ,0 ,0 ,1 ,0 
47 ,1 ,1 ,4 ,3 ,1 ,4 ,0 ,0 ,0 ,0 ,1 ,1 ,1 ,1 ,0 ,1 ,0 ,0 ,0 ,0 ,1 ,1 ,1 ,2 ,1 ,0 ,0 ,1 ,0 ,1 ,0 ,0 ,0 ,0 ,0 ,0 ,1 ,0 ,0 ,0 ,0 ,1 ,0 ,1 
48 ,1 ,1 ,4 ,2 ,1 ,2 ,0 ,0 ,1 ,1 ,0 ,1 ,1 ,0 ,0 ,1 ,1 ,1 ,1 ,0 ,1 ,1 ,1 ,4 ,1 ,0 ,0 ,1 ,0 ,0 ,0 ,0 ,1 ,0 ,0 ,1 ,0 ,0 ,0 ,1 ,0 ,0 ,0 ,1 
49 ,0 ,1 ,4 ,4 ,1 ,2 ,1 ,1 ,1 ,0 ,1 ,0 ,1 ,1 ,0 ,1 ,1 ,1 ,1 ,0 ,0 ,0 ,0 ,2 ,1 ,0 ,0 ,1 ,0 ,0 ,0 ,1 ,0 ,0 ,0 ,0 ,0 ,1 ,0 ,0 ,1 ,0 ,0 ,1 
50 ,0 ,1 ,2 ,2 ,3 ,2 ,0 ,0 ,1 ,1 ,0 ,1 ,1 ,1 ,0 ,1 ,1 ,1 ,1 ,0 ,1 ,1 ,1 ,5 ,1 ,0 ,0 ,1 ,0 ,0 ,0 ,1 ,0 ,0 ,0 ,0 ,1 ,0 ,1 ,0 ,0 ,0 ,0 ,1 
51 ,0 ,1 ,4 ,2 ,1 ,2 ,0 ,0 ,1 ,1 ,0 ,1 ,1 ,1 ,0 ,1 ,1 ,1 ,1 ,0 ,1 ,1 ,1 ,2 ,1 ,0 ,0 ,1 ,0 ,1 ,0 ,0 ,0 ,0 ,0 ,1 ,0 ,0 ,0 ,0 ,1 ,0 ,0 ,1 
52 ,1 ,1 ,4 ,2 ,2 ,1 ,1 ,0 ,0 ,0 ,0 ,1 ,1 ,0 ,0 ,1 ,1 ,1 ,1 ,0 ,1 ,1 ,1 ,7 ,1 ,0 ,0 ,1 ,0 ,1 ,0 ,0 ,0 ,0 ,1 ,0 ,0 ,0 ,0 ,0 ,1 ,0 ,1 ,0 
53 ,0 ,1 ,4 ,4 ,1 ,1 ,0 ,1 ,1 ,1 ,0 ,1 ,1 ,1 ,0 ,1 ,1 ,1 ,1 ,0 ,0 ,1 ,1 ,5 ,1 ,0 ,0 ,1 ,0 ,0 ,0 ,1 ,0 ,0 ,0 ,0 ,1 ,0 ,1 ,0 ,0 ,0 ,0 ,1 
54 ,0 ,1 ,3 ,3 ,1 ,1 ,0 ,0 ,0 ,1 ,0 ,1 ,1 ,1 ,0 ,1 ,1 ,1 ,0 ,0 ,1 ,1 ,1 ,8 ,1 ,0 ,0 ,1 ,0 ,0 ,1 ,0 ,0 ,0 ,0 ,1 ,0 ,0 ,0 ,0 ,1 ,0 ,1 ,0 
55 ,0 ,1 ,2 ,1 ,1 ,2 ,0 ,0 ,0 ,1 ,1 ,1 ,1 ,1 ,1 ,1 ,1 ,1 ,0 ,0 ,0 ,0 ,1 ,2 ,1 ,0 ,0 ,1 ,0 ,0 ,1 ,0 ,0 ,0 ,0 ,1 ,0 ,0 ,0 ,0 ,1 ,0 ,1 ,0 
56 ,0 ,1 ,4 ,3 ,1 ,2 ,0 ,0 ,1 ,1 ,1 ,1 ,1 ,1 ,0 ,1 ,1 ,0 ,0 ,0 ,1 ,1 ,1 ,2 ,1 ,0 ,0 ,1 ,0 ,0 ,0 ,1 ,0 ,0 ,0 ,0 ,1 ,0 ,0 ,0 ,0 ,1 ,1 ,0 
57 ,1 ,1 ,4 ,4 ,1 ,2 ,0 ,0 ,1 ,0 ,1 ,1 ,1 ,0 ,0 ,1 ,0 ,0 ,1 ,0 ,1 ,1 ,1 ,2 ,1 ,0 ,0 ,1 ,0 ,0 ,0 ,0 ,1 ,0 ,1 ,0 ,0 ,0 ,0 ,0 ,0 ,1 ,0 ,1 
58 ,1 ,1 ,1 ,2 ,1 ,2 ,0 ,1 ,1 ,0 ,1 ,1 ,1 ,1 ,0 ,1 ,1 ,0 ,1 ,0 ,0 ,1 ,0 ,2 ,1 ,0 ,0 ,1 ,0 ,0 ,1 ,0 ,0 ,1 ,0 ,0 ,0 ,0 ,0 ,1 ,0 ,0 ,0 ,1 
59 ,0 ,1 ,4 ,2 ,1 ,2 ,0 ,0 ,1 ,0 ,0 ,1 ,1 ,1 ,0 ,1 ,0 ,1 ,1 ,0 ,1 ,1 ,1 ,2 ,1 ,0 ,0 ,1 ,0 ,0 ,0 ,1 ,0 ,0 ,0 ,1 ,0 ,0 ,1 ,0 ,0 ,0 ,0 ,1 
60 ,0 ,1 ,4 ,4 ,1 ,2 ,0 ,0 ,1 ,0 ,1 ,1 ,1 ,0 ,0 ,0 ,1 ,1 ,1 ,0 ,1 ,1 ,1 ,5 ,1 ,0 ,1 ,0 ,0 ,1 ,0 ,0 ,0 ,0 ,0 ,0 ,0 ,1 ,0 ,0 ,1 ,0 ,0 ,1 
61 ,0 ,1 ,1 ,1 ,4 ,1 ,0 ,1 ,1 ,0 ,1 ,0 ,1 ,1 ,1 ,1 ,1 ,1 ,1 ,0 ,1 ,0 ,1 ,10 ,1 ,0 ,0 ,1 ,0 ,0 ,0 ,1 ,0 ,0 ,0 ,0 ,1 ,0 ,1 ,0 ,0 ,0 ,0 ,1 
62 ,0 ,1 ,1 ,2 ,1 ,2 ,0 ,1 ,0 ,0 ,1 ,1 ,1 ,1 ,0 ,1 ,1 ,1 ,0 ,0 ,0 ,1 ,0 ,2 ,1 ,0 ,0 ,1 ,0 ,0 ,1 ,0 ,0 ,0 ,0 ,0 ,1 ,0 ,0 ,0 ,0 ,1 ,0 ,1 
63 ,0 ,1 ,4 ,3 ,1 ,3 ,0 ,1 ,1 ,1 ,1 ,1 ,1 ,1 ,0 ,1 ,1 ,1 ,1 ,0 ,1 ,0 ,0 ,6 ,1 ,0 ,0 ,1 ,0 ,0 ,0 ,0 ,1 ,0 ,1 ,0 ,0 ,0 ,0 ,1 ,0 ,0 ,0 ,1 
64 ,0 ,1 ,4 ,3 ,1 ,2 ,0 ,1 ,0 ,0 ,1 ,1 ,1 ,1 ,1 ,1 ,1 ,1 ,0 ,0 ,1 ,1 ,1 ,6 ,1 ,0 ,0 ,1 ,0 ,0 ,0 ,1 ,0 ,0 ,0 ,0 ,1 ,0 ,0 ,0 ,0 ,1 ,0 ,1 
65 ,0 ,1 ,4 ,3 ,3 ,2 ,0 ,0 ,1 ,0 ,1 ,1 ,1 ,1 ,0 ,1 ,1 ,1 ,0 ,0 ,1 ,1 ,1 ,3 ,1 ,0 ,0 ,1 ,0 ,0 ,0 ,0 ,1 ,0 ,0 ,0 ,1 ,0 ,1 ,0 ,0 ,0 ,0 ,1 
66 ,1 ,1 ,4 ,4 ,1 ,4 ,0 ,0 ,1 ,0 ,1 ,0 ,1 ,1 ,1 ,0 ,1 ,1 ,1 ,0 ,1 ,1 ,1 ,10 ,1 ,0 ,0 ,1 ,0 ,0 ,1 ,0 ,0 ,0 ,0 ,0 ,1 ,0 ,0 ,0 ,0 ,1 ,1 ,0 
67 ,0 ,1 ,3 ,1 ,1 ,4 ,0 ,1 ,1 ,1 ,0 ,1 ,1 ,1 ,0 ,1 ,1 ,1 ,1 ,0 ,0 ,0 ,0 ,3 ,1 ,0 ,0 ,1 ,0 ,0 ,0 ,1 ,0 ,0 ,0 ,1 ,0 ,0 ,1 ,0 ,0 ,0 ,0 ,1 
68 ,0 ,1 ,2 ,2 ,2 ,2 ,0 ,1 ,1 ,1 ,0 ,1 ,1 ,1 ,0 ,1 ,0 ,1 ,1 ,0 ,0 ,0 ,0 ,4 ,1 ,0 ,1 ,0 ,0 ,1 ,0 ,0 ,0 ,0 ,0 ,0 ,1 ,0 ,0 ,0 ,0 ,1 ,0 ,1 
69 ,0 ,1 ,3 ,1 ,2 ,4 ,0 ,0 ,1 ,0 ,0 ,0 ,1 ,1 ,0 ,1 ,1 ,0 ,1 ,0 ,1 ,1 ,1 ,5 ,1 ,0 ,1 ,0 ,0 ,0 ,1 ,0 ,0 ,0 ,0 ,1 ,0 ,0 ,0 ,0 ,0 ,1 ,0 ,1 
70 ,1 ,1 ,3 ,1 ,2 ,4 ,0 ,0 ,1 ,1 ,0 ,1 ,1 ,1 ,0 ,1 ,1 ,0 ,1 ,0 ,1 ,1 ,1 ,2 ,1 ,0 ,0 ,1 ,0 ,0 ,1 ,0 ,0 ,0 ,0 ,1 ,0 ,0 ,0 ,0 ,0 ,1 ,0 ,1 
71 ,1 ,1 ,4 ,2 ,1 ,4 ,0 ,0 ,0 ,0 ,0 ,1 ,1 ,1 ,0 ,1 ,1 ,1 ,1 ,0 ,1 ,1 ,1 ,2 ,1 ,0 ,0 ,1 ,0 ,0 ,1 ,0 ,0 ,0 ,0 ,1 ,0 ,0 ,1 ,0 ,0 ,0 ,0 ,1 
72 ,0 ,1 ,1 ,1 ,1 ,2 ,2 ,1 ,1 ,0 ,0 ,0 ,1 ,1 ,1 ,1 ,1 ,1 ,1 ,0 ,0 ,0 ,0 ,6 ,1 ,0 ,1 ,0 ,0 ,0 ,1 ,0 ,0 ,0 ,0 ,1 ,0 ,0 ,0 ,0 ,0 ,1 ,0 ,1 
73 ,1 ,1 ,3 ,1 ,1 ,1 ,0 ,0 ,0 ,0 ,1 ,1 ,1 ,0 ,0 ,1 ,1 ,0 ,1 ,0 ,1 ,1 ,1 ,4 ,1 ,0 ,0 ,1 ,0 ,0 ,1 ,0 ,0 ,0 ,0 ,1 ,0 ,0 ,0 ,0 ,0 ,1 ,0 ,1 
74 ,0 ,1 ,3 ,3 ,1 ,2 ,0 ,1 ,1 ,1 ,1 ,1 ,1 ,1 ,0 ,1 ,1 ,1 ,1 ,1 ,1 ,1 ,1 ,6 ,1 ,0 ,0 ,1 ,0 ,0 ,1 ,0 ,0 ,0 ,0 ,0 ,1 ,0 ,0 ,1 ,0 ,0 ,0 ,1 
75 ,1 ,1 ,4 ,3 ,1 ,2 ,0 ,0 ,1 ,1 ,1 ,1 ,1 ,1 ,0 ,1 ,1 ,1 ,1 ,0 ,0 ,0 ,1 ,5 ,1 ,0 ,0 ,1 ,0 ,0 ,0 ,0 ,1 ,0 ,0 ,1 ,0 ,0 ,0 ,1 ,0 ,0 ,0 ,1 
76 ,1 ,1 ,4 ,0 ,2 ,4 ,0 ,0 ,0 ,0 ,1 ,1 ,1 ,1 ,0 ,1 ,1 ,1 ,0 ,0 ,1 ,1 ,1 ,2 ,1 ,0 ,0 ,1 ,0 ,0 ,0 ,0 ,1 ,0 ,0 ,1 ,0 ,0 ,1 ,0 ,0 ,0 ,0 ,1 
77 ,0 ,1 ,2 ,2 ,1 ,4 ,0 ,0 ,0 ,1 ,0 ,1 ,1 ,1 ,1 ,1 ,0 ,1 ,1 ,0 ,1 ,1 ,1 ,4 ,1 ,0 ,0 ,1 ,0 ,0 ,1 ,0 ,0 ,0 ,0 ,1 ,0 ,0 ,0 ,0 ,0 ,1 ,0 ,1 
78 ,1 ,1 ,2 ,1 ,2 ,1 ,3 ,1 ,1 ,0 ,1 ,1 ,0 ,1 ,0 ,1 ,1 ,0 ,1 ,0 ,0 ,0 ,1 ,2 ,1 ,0 ,0 ,1 ,0 ,0 ,1 ,0 ,0 ,0 ,0 ,1 ,0 ,0 ,0 ,1 ,0 ,0 ,0 ,1 
79 ,0 ,1 ,3 ,4 ,1 ,2 ,0 ,0 ,1 ,0 ,0 ,1 ,1 ,1 ,0 ,0 ,1 ,1 ,1 ,0 ,0 ,0 ,0 ,3 ,1 ,0 ,0 ,1 ,1 ,0 ,0 ,0 ,0 ,0 ,0 ,1 ,0 ,0 ,1 ,0 ,0 ,0 ,0 ,1 
80 ,1 ,1 ,2 ,3 ,1 ,1 ,0 ,1 ,1 ,1 ,1 ,0 ,1 ,1 ,1 ,1 ,0 ,0 ,1 ,0 ,1 ,1 ,1 ,4 ,1 ,0 ,0 ,1 ,0 ,0 ,1 ,0 ,0 ,0 ,0 ,0 ,1 ,0 ,1 ,0 ,0 ,0 ,0 ,1 
81 ,1 ,1 ,2 ,3 ,1 ,3 ,0 ,1 ,0 ,1 ,0 ,0 ,1 ,1 ,0 ,1 ,1 ,0 ,1 ,0 ,1 ,1 ,1 ,3 ,1 ,0 ,0 ,1 ,0 ,0 ,1 ,0 ,0 ,0 ,0 ,1 ,0 ,0 ,0 ,1 ,0 ,0 ,0 ,1 
82 ,0 ,1 ,3 ,2 ,1 ,2 ,0 ,0 ,1 ,1 ,0 ,1 ,1 ,1 ,0 ,1 ,1 ,1 ,1 ,0 ,0 ,0 ,0 ,2 ,1 ,0 ,0 ,1 ,0 ,0 ,0 ,1 ,0 ,0 ,0 ,1 ,0 ,0 ,0 ,0 ,0 ,1 ,0 ,1 
83 ,1 ,1 ,2 ,2 ,2 ,2 ,0 ,0 ,0 ,1 ,1 ,1 ,1 ,1 ,0 ,1 ,1 ,1 ,1 ,0 ,1 ,1 ,1 ,4 ,1 ,0 ,0 ,1 ,0 ,0 ,0 ,1 ,0 ,0 ,0 ,0 ,1 ,0 ,0 ,1 ,0 ,0 ,0 ,1 
84 ,0 ,1 ,1 ,1 ,1 ,2 ,0 ,0 ,1 ,0 ,1 ,0 ,1 ,1 ,0 ,1 ,1 ,0 ,1 ,0 ,0 ,1 ,1 ,5 ,1 ,0 ,0 ,1 ,0 ,0 ,1 ,0 ,0 ,0 ,0 ,1 ,0 ,0 ,0 ,1 ,0 ,0 ,0 ,1 
85 ,0 ,1 ,4 ,4 ,2 ,2 ,2 ,0 ,0 ,1 ,0 ,1 ,1 ,1 ,1 ,1 ,1 ,1 ,1 ,0 ,0 ,0 ,0 ,5 ,1 ,0 ,0 ,1 ,0 ,0 ,0 ,1 ,0 ,0 ,0 ,0 ,1 ,0 ,0 ,0 ,0 ,1 ,0 ,1 
86 ,0 ,1 ,2 ,2 ,1 ,2 ,0 ,0 ,1 ,0 ,0 ,1 ,1 ,0 ,0 ,1 ,1 ,1 ,0 ,0 ,0 ,0 ,0 ,3 ,1 ,0 ,0 ,1 ,1 ,0 ,0 ,0 ,0 ,0 ,0 ,1 ,0 ,0 ,1 ,0 ,0 ,0 ,0 ,1 
87 ,0 ,1 ,4 ,2 ,1 ,3 ,0 ,0 ,1 ,0 ,1 ,1 ,1 ,1 ,0 ,1 ,1 ,1 ,0 ,0 ,1 ,1 ,1 ,4 ,1 ,0 ,0 ,1 ,0 ,0 ,1 ,0 ,0 ,0 ,0 ,1 ,0 ,0 ,0 ,0 ,0 ,1 ,0 ,1 
88 ,1 ,1 ,2 ,2 ,2 ,2 ,1 ,0 ,0 ,1 ,1 ,0 ,1 ,1 ,0 ,1 ,1 ,0 ,1 ,0 ,1 ,1 ,1 ,2 ,1 ,0 ,0 ,1 ,0 ,0 ,0 ,1 ,0 ,0 ,0 ,1 ,0 ,0 ,0 ,0 ,0 ,1 ,0 ,1 
89 ,1 ,1 ,4 ,4 ,1 ,2 ,0 ,0 ,1 ,0 ,0 ,1 ,1 ,0 ,0 ,1 ,0 ,1 ,1 ,0 ,0 ,0 ,0 ,8 ,1 ,0 ,0 ,1 ,0 ,0 ,0 ,0 ,1 ,0 ,1 ,0 ,0 ,0 ,0 ,0 ,0 ,1 ,1 ,0 
90 ,0 ,1 ,3 ,3 ,1 ,3 ,0 ,0 ,1 ,1 ,0 ,1 ,1 ,1 ,1 ,1 ,1 ,1 ,1 ,0 ,0 ,0 ,0 ,4 ,1 ,0 ,0 ,1 ,0 ,0 ,1 ,0 ,0 ,0 ,0 ,1 ,0 ,0 ,0 ,1 ,0 ,0 ,0 ,1 
91 ,0 ,1 ,4 ,3 ,1 ,1 ,0 ,0 ,0 ,1 ,1 ,1 ,1 ,1 ,0 ,1 ,1 ,1 ,0 ,0 ,1 ,1 ,1 ,4 ,1 ,0 ,0 ,1 ,0 ,0 ,0 ,1 ,0 ,0 ,0 ,1 ,0 ,0 ,0 ,0 ,0 ,1 ,0 ,1 
92 ,0 ,1 ,3 ,1 ,1 ,2 ,0 ,1 ,1 ,0 ,0 ,1 ,1 ,0 ,0 ,1 ,1 ,1 ,0 ,0 ,0 ,0 ,0 ,5 ,1 ,0 ,0 ,1 ,0 ,0 ,1 ,0 ,0 ,0 ,0 ,1 ,0 ,0 ,0 ,1 ,0 ,0 ,0 ,1 
93 ,0 ,1 ,4 ,2 ,2 ,2 ,0 ,0 ,1 ,1 ,1 ,1 ,1 ,1 ,0 ,1 ,1 ,1 ,0 ,0 ,1 ,1 ,1 ,2 ,1 ,0 ,0 ,1 ,0 ,0 ,0 ,0 ,1 ,0 ,0 ,0 ,1 ,0 ,0 ,1 ,0 ,0 ,0 ,1 
94 ,1 ,1 ,2 ,2 ,1 ,4 ,0 ,0 ,1 ,0 ,1 ,1 ,1 ,1 ,0 ,1 ,1 ,1 ,1 ,0 ,1 ,1 ,1 ,2 ,1 ,0 ,0 ,1 ,0 ,0 ,0 ,1 ,0 ,0 ,1 ,0 ,0 ,0 ,0 ,0 ,0 ,1 ,0 ,1 
95 ,0 ,1 ,1 ,1 ,2 ,4 ,1 ,1 ,1 ,1 ,1 ,1 ,1 ,1 ,0 ,1 ,0 ,0 ,0 ,0 ,0 ,1 ,1 ,2 ,1 ,0 ,1 ,0 ,1 ,0 ,0 ,0 ,0 ,0 ,0 ,1 ,0 ,0 ,0 ,1 ,0 ,0 ,0 ,1 
96 ,1 ,1 ,4 ,3 ,2 ,1 ,0 ,1 ,1 ,0 ,1 ,0 ,1 ,1 ,0 ,1 ,1 ,1 ,1 ,0 ,1 ,1 ,1 ,2 ,1 ,0 ,1 ,0 ,0 ,0 ,0 ,1 ,0 ,0 ,0 ,1 ,0 ,0 ,0 ,0 ,0 ,1 ,0 ,1 
97 ,0 ,1 ,2 ,1 ,1 ,2 ,0 ,0 ,1 ,1 ,0 ,1 ,1 ,0 ,1 ,1 ,1 ,1 ,1 ,0 ,0 ,0 ,1 ,2 ,1 ,0 ,0 ,1 ,0 ,0 ,1 ,0 ,0 ,0 ,0 ,1 ,0 ,0 ,1 ,0 ,0 ,0 ,0 ,1 
98 ,0 ,1 ,4 ,4 ,1 ,1 ,0 ,0 ,0 ,0 ,1 ,0 ,1 ,1 ,0 ,1 ,1 ,1 ,0 ,0 ,1 ,1 ,1 ,3 ,1 ,0 ,0 ,1 ,0 ,0 ,1 ,0 ,0 ,0 ,0 ,1 ,0 ,0 ,0 ,0 ,0 ,1 ,0 ,1 
99 ,0 ,1 ,4 ,3 ,1 ,3 ,0 ,1 ,1 ,1 ,0 ,1 ,1 ,1 ,0 ,1 ,1 ,1 ,1 ,0 ,0 ,0 ,0 ,2 ,1 ,0 ,0 ,1 ,0 ,0 ,1 ,0 ,0 ,1 ,0 ,0 ,0 ,0 ,1 ,0 ,0 ,0 ,0 ,1 
100 ,1 ,1 ,4 ,4 ,1 ,1 ,0 ,1 ,1 ,1 ,1 ,1 ,1 ,1 ,0 ,1 ,1 ,1 ,1 ,0 ,0 ,0 ,0 ,10 ,1 ,0 ,0 ,1 ,0 ,0 ,0 ,1 ,0 ,0 ,0 ,0 ,1 ,0 ,0 ,0 ,1 ,0 ,0 ,1 
101 ,1 ,1 ,4 ,4 ,1 ,3 ,0 ,0 ,1 ,0 ,1 ,1 ,1 ,1 ,1 ,1 ,1 ,1 ,1 ,0 ,1 ,1 ,1 ,2 ,1 ,0 ,0 ,1 ,0 ,0 ,0 ,1 ,0 ,0 ,0 ,0 ,0 ,1 ,0 ,0 ,1 ,0 ,0 ,1 
102 ,1 ,1 ,4 ,4 ,1 ,1 ,0 ,0 ,1 ,0 ,1 ,0 ,1 ,1 ,0 ,1 ,1 ,1 ,1 ,0 ,1 ,1 ,1 ,2 ,1 ,0 ,0 ,1 ,0 ,0 ,0 ,1 ,0 ,0 ,0 ,1 ,0 ,0 ,1 ,0 ,0 ,0 ,0 ,1 
103 ,0 ,1 ,3 ,2 ,2 ,2 ,0 ,1 ,1 ,1 ,0 ,1 ,1 ,1 ,0 ,1 ,1 ,1 ,0 ,0 ,0 ,0 ,0 ,2 ,1 ,0 ,0 ,1 ,0 ,0 ,0 ,1 ,0 ,0 ,0 ,1 ,0 ,0 ,0 ,1 ,0 ,0 ,0 ,1 
104 ,1 ,1 ,3 ,4 ,1 ,2 ,0 ,0 ,1 ,1 ,1 ,1 ,1 ,1 ,0 ,1 ,1 ,1 ,0 ,0 ,1 ,1 ,1 ,2 ,1 ,0 ,0 ,1 ,0 ,0 ,0 ,1 ,0 ,0 ,0 ,1 ,0 ,0 ,1 ,0 ,0 ,0 ,1 ,0 
105 ,0 ,1 ,3 ,3 ,1 ,4 ,0 ,1 ,0 ,0 ,0 ,1 ,1 ,0 ,0 ,1 ,1 ,1 ,1 ,0 ,1 ,1 ,1 ,2 ,1 ,0 ,0 ,1 ,0 ,0 ,1 ,0 ,0 ,0 ,1 ,0 ,0 ,0 ,0 ,0 ,0 ,1 ,1 ,0 
106 ,0 ,1 ,2 ,2 ,1 ,4 ,0 ,1 ,1 ,1 ,0 ,1 ,1 ,1 ,0 ,1 ,0 ,0 ,1 ,0 ,0 ,0 ,0 ,2 ,1 ,0 ,0 ,1 ,0 ,0 ,1 ,0 ,0 ,0 ,0 ,1 ,0 ,0 ,1 ,0 ,0 ,0 ,0 ,1 
107 ,1 ,1 ,3 ,3 ,1 ,3 ,0 ,0 ,1 ,0 ,1 ,1 ,1 ,1 ,0 ,1 ,1 ,1 ,1 ,0 ,1 ,1 ,1 ,2 ,1 ,0 ,0 ,1 ,0 ,0 ,0 ,1 ,0 ,0 ,0 ,1 ,0 ,0 ,0 ,1 ,0 ,0 ,0 ,1 
108 ,1 ,1 ,4 ,4 ,4 ,4 ,0 ,0 ,1 ,1 ,1 ,1 ,1 ,1 ,1 ,0 ,1 ,1 ,0 ,0 ,1 ,1 ,1 ,8 ,1 ,0 ,1 ,0 ,0 ,0 ,1 ,0 ,0 ,0 ,0 ,1 ,0 ,0 ,0 ,1 ,0 ,0 ,0 ,1 
109 ,0 ,1 ,4 ,4 ,1 ,3 ,0 ,0 ,1 ,1 ,1 ,1 ,1 ,1 ,1 ,1 ,1 ,1 ,1 ,0 ,1 ,1 ,1 ,2 ,1 ,0 ,0 ,1 ,0 ,1 ,0 ,0 ,0 ,0 ,1 ,0 ,0 ,0 ,0 ,0 ,1 ,0 ,0 ,1 
110 ,1 ,1 ,4 ,4 ,1 ,1 ,0 ,0 ,0 ,0 ,1 ,1 ,1 ,1 ,0 ,1 ,1 ,1 ,1 ,0 ,1 ,1 ,1 ,2 ,1 ,0 ,0 ,1 ,0 ,0 ,0 ,0 ,1 ,0 ,0 ,0 ,0 ,1 ,1 ,0 ,0 ,0 ,1 ,0 
111 ,0 ,1 ,3 ,3 ,1 ,3 ,1 ,1 ,1 ,0 ,1 ,1 ,1 ,1 ,0 ,1 ,0 ,0 ,0 ,0 ,0 ,1 ,1 ,2 ,1 ,0 ,1 ,0 ,0 ,0 ,0 ,1 ,0 ,0 ,0 ,1 ,0 ,0 ,0 ,0 ,0 ,1 ,0 ,1 
112 ,0 ,1 ,2 ,2 ,1 ,2 ,1 ,1 ,0 ,0 ,1 ,1 ,1 ,1 ,0 ,1 ,0 ,0 ,1 ,0 ,1 ,1 ,1 ,2 ,1 ,0 ,0 ,1 ,1 ,0 ,0 ,0 ,0 ,0 ,0 ,1 ,0 ,0 ,0 ,1 ,0 ,0 ,0 ,1 
113 ,1 ,1 ,4 ,2 ,1 ,1 ,0 ,0 ,0 ,0 ,0 ,1 ,1 ,1 ,0 ,1 ,1 ,0 ,1 ,0 ,1 ,1 ,1 ,2 ,1 ,0 ,0 ,1 ,0 ,0 ,0 ,0 ,1 ,0 ,0 ,1 ,0 ,0 ,1 ,0 ,0 ,0 ,0 ,1 
114 ,1 ,1 ,2 ,1 ,1 ,2 ,0 ,0 ,0 ,0 ,1 ,1 ,1 ,1 ,1 ,1 ,1 ,0 ,1 ,0 ,0 ,0 ,0 ,2 ,1 ,0 ,1 ,0 ,0 ,1 ,0 ,0 ,0 ,0 ,0 ,0 ,1 ,0 ,0 ,0 ,0 ,1 ,0 ,1 
115 ,1 ,1 ,4 ,4 ,1 ,2 ,0 ,0 ,1 ,0 ,1 ,1 ,1 ,1 ,0 ,1 ,1 ,1 ,1 ,0 ,1 ,1 ,1 ,3 ,1 ,0 ,0 ,1 ,0 ,0 ,0 ,0 ,1 ,0 ,0 ,0 ,0 ,1 ,1 ,0 ,0 ,0 ,0 ,1 
116 ,1 ,1 ,4 ,4 ,2 ,2 ,0 ,0 ,1 ,0 ,1 ,1 ,1 ,0 ,0 ,1 ,1 ,1 ,0 ,0 ,1 ,1 ,1 ,2 ,1 ,0 ,0 ,1 ,0 ,0 ,1 ,0 ,0 ,0 ,0 ,0 ,0 ,1 ,0 ,0 ,0 ,1 ,0 ,1 
117 ,1 ,1 ,3 ,3 ,2 ,1 ,0 ,0 ,0 ,0 ,1 ,1 ,1 ,1 ,0 ,1 ,1 ,0 ,1 ,0 ,1 ,1 ,1 ,2 ,1 ,0 ,0 ,1 ,0 ,0 ,1 ,0 ,0 ,0 ,0 ,0 ,1 ,0 ,0 ,1 ,0 ,0 ,0 ,1 
118 ,1 ,1 ,1 ,3 ,3 ,2 ,1 ,0 ,1 ,0 ,1 ,1 ,1 ,1 ,0 ,1 ,0 ,1 ,1 ,0 ,0 ,0 ,0 ,5 ,1 ,0 ,1 ,0 ,0 ,0 ,1 ,0 ,0 ,0 ,0 ,1 ,0 ,0 ,1 ,0 ,0 ,0 ,0 ,1 
119 ,1 ,1 ,3 ,4 ,1 ,1 ,0 ,0 ,0 ,0 ,0 ,1 ,1 ,1 ,0 ,1 ,1 ,1 ,1 ,0 ,1 ,1 ,1 ,3 ,1 ,0 ,0 ,1 ,0 ,0 ,1 ,0 ,0 ,0 ,0 ,1 ,0 ,0 ,0 ,0 ,0 ,1 ,0 ,1 
120 ,0 ,1 ,1 ,2 ,1 ,2 ,0 ,0 ,0 ,0 ,0 ,0 ,1 ,1 ,0 ,1 ,0 ,1 ,0 ,0 ,1 ,1 ,1 ,3 ,1 ,0 ,0 ,1 ,1 ,0 ,0 ,0 ,0 ,0 ,0 ,0 ,1 ,0 ,1 ,0 ,0 ,0 ,0 ,1 
121 ,1 ,1 ,2 ,2 ,1 ,4 ,0 ,0 ,1 ,1 ,1 ,1 ,1 ,1 ,0 ,1 ,1 ,1 ,1 ,0 ,1 ,1 ,1 ,3 ,1 ,0 ,0 ,1 ,0 ,0 ,0 ,1 ,0 ,0 ,0 ,0 ,1 ,0 ,0 ,1 ,0 ,0 ,0 ,1 
122 ,0 ,1 ,2 ,4 ,2 ,2 ,0 ,0 ,1 ,1 ,1 ,1 ,1 ,1 ,1 ,1 ,0 ,0 ,1 ,0 ,1 ,1 ,1 ,3 ,1 ,0 ,0 ,1 ,0 ,0 ,1 ,0 ,0 ,0 ,1 ,0 ,0 ,0 ,1 ,0 ,0 ,0 ,0 ,1 
123 ,1 ,1 ,4 ,4 ,1 ,1 ,0 ,0 ,1 ,0 ,1 ,1 ,1 ,1 ,0 ,1 ,1 ,1 ,1 ,0 ,1 ,1 ,1 ,5 ,1 ,0 ,0 ,1 ,0 ,1 ,0 ,0 ,0 ,0 ,0 ,1 ,0 ,0 ,1 ,0 ,0 ,0 ,0 ,1 
124 ,0 ,1 ,2 ,2 ,1 ,2 ,0 ,0 ,0 ,1 ,0 ,1 ,1 ,1 ,1 ,1 ,1 ,1 ,1 ,0 ,0 ,0 ,0 ,2 ,1 ,0 ,0 ,1 ,0 ,0 ,1 ,0 ,0 ,0 ,0 ,1 ,0 ,0 ,0 ,1 ,0 ,0 ,0 ,1 
125 ,1 ,1 ,3 ,4 ,1 ,1 ,0 ,1 ,0 ,0 ,0 ,1 ,1 ,1 ,0 ,1 ,1 ,1 ,1 ,0 ,1 ,1 ,1 ,5 ,1 ,0 ,0 ,1 ,0 ,0 ,0 ,1 ,0 ,0 ,0 ,0 ,1 ,0 ,0 ,1 ,0 ,0 ,0 ,1 
126 ,0 ,1 ,3 ,4 ,1 ,2 ,0 ,1 ,0 ,0 ,1 ,1 ,1 ,1 ,1 ,1 ,1 ,0 ,0 ,0 ,0 ,1 ,1 ,2 ,1 ,0 ,0 ,1 ,0 ,0 ,1 ,0 ,0 ,0 ,0 ,1 ,0 ,0 ,0 ,1 ,0 ,0 ,1 ,0 
127 ,0 ,1 ,0 ,1 ,1 ,2 ,3 ,0 ,1 ,0 ,0 ,0 ,0 ,0 ,0 ,1 ,1 ,0 ,1 ,0 ,0 ,0 ,0 ,2 ,1 ,0 ,0 ,1 ,1 ,0 ,0 ,0 ,0 ,0 ,0 ,1 ,0 ,0 ,1 ,0 ,0 ,0 ,0 ,1 
128 ,1 ,1 ,2 ,2 ,1 ,1 ,2 ,0 ,1 ,0 ,1 ,1 ,1 ,1 ,0 ,1 ,1 ,1 ,1 ,0 ,0 ,0 ,0 ,3 ,1 ,0 ,1 ,0 ,0 ,0 ,0 ,1 ,0 ,0 ,0 ,1 ,0 ,0 ,0 ,0 ,0 ,1 ,0 ,1 
129 ,1 ,1 ,4 ,4 ,1 ,1 ,0 ,0 ,0 ,1 ,1 ,1 ,1 ,1 ,0 ,1 ,1 ,1 ,1 ,0 ,1 ,1 ,1 ,7 ,1 ,0 ,1 ,0 ,0 ,0 ,0 ,0 ,1 ,0 ,0 ,0 ,0 ,1 ,1 ,0 ,0 ,0 ,0 ,1 
130 ,0 ,1 ,3 ,4 ,2 ,3 ,2 ,0 ,1 ,0 ,0 ,1 ,1 ,1 ,1 ,1 ,0 ,0 ,1 ,0 ,1 ,0 ,0 ,4 ,1 ,0 ,1 ,0 ,0 ,0 ,0 ,1 ,0 ,0 ,0 ,0 ,0 ,1 ,1 ,0 ,0 ,0 ,0 ,1 
131 ,0 ,1 ,1 ,1 ,3 ,1 ,0 ,0 ,1 ,0 ,1 ,0 ,1 ,1 ,1 ,1 ,1 ,1 ,1 ,0 ,0 ,0 ,0 ,3 ,1 ,0 ,0 ,1 ,1 ,0 ,0 ,0 ,0 ,0 ,0 ,1 ,0 ,0 ,1 ,0 ,0 ,0 ,0 ,1 
132 ,0 ,1 ,2 ,2 ,1 ,1 ,0 ,0 ,1 ,0 ,0 ,1 ,1 ,1 ,1 ,1 ,1 ,1 ,1 ,0 ,1 ,1 ,1 ,4 ,1 ,0 ,0 ,1 ,0 ,0 ,1 ,0 ,0 ,0 ,0 ,1 ,0 ,0 ,1 ,0 ,0 ,0 ,0 ,1 
133 ,0 ,1 ,3 ,4 ,1 ,1 ,0 ,0 ,0 ,0 ,0 ,1 ,1 ,1 ,0 ,1 ,0 ,0 ,1 ,0 ,1 ,1 ,1 ,5 ,1 ,0 ,0 ,1 ,0 ,0 ,0 ,1 ,0 ,0 ,0 ,1 ,0 ,0 ,1 ,0 ,0 ,0 ,1 ,0 
134 ,1 ,1 ,3 ,4 ,4 ,2 ,0 ,0 ,1 ,0 ,0 ,1 ,1 ,0 ,1 ,1 ,1 ,1 ,1 ,0 ,0 ,0 ,0 ,2 ,1 ,0 ,1 ,0 ,1 ,0 ,0 ,0 ,0 ,0 ,0 ,0 ,0 ,1 ,1 ,0 ,0 ,0 ,0 ,1 
135 ,0 ,1 ,4 ,4 ,1 ,3 ,0 ,0 ,1 ,0 ,1 ,1 ,1 ,1 ,1 ,1 ,1 ,1 ,1 ,0 ,1 ,0 ,0 ,2 ,1 ,0 ,0 ,1 ,0 ,0 ,0 ,1 ,0 ,1 ,0 ,0 ,0 ,0 ,1 ,0 ,0 ,0 ,0 ,1 
136 ,1 ,1 ,3 ,4 ,3 ,2 ,0 ,0 ,0 ,0 ,0 ,1 ,1 ,0 ,0 ,1 ,1 ,1 ,1 ,0 ,1 ,0 ,0 ,6 ,1 ,0 ,1 ,0 ,1 ,0 ,0 ,0 ,0 ,0 ,0 ,1 ,0 ,0 ,1 ,0 ,0 ,0 ,0 ,1 
137 ,0 ,1 ,3 ,3 ,2 ,1 ,2 ,0 ,1 ,0 ,1 ,0 ,1 ,1 ,1 ,1 ,1 ,0 ,1 ,0 ,0 ,0 ,0 ,2 ,1 ,0 ,0 ,1 ,0 ,0 ,1 ,0 ,0 ,0 ,0 ,1 ,0 ,0 ,1 ,0 ,0 ,0 ,1 ,0 
138 ,1 ,1 ,1 ,1 ,1 ,2 ,1 ,0 ,0 ,0 ,0 ,1 ,1 ,0 ,1 ,1 ,1 ,1 ,1 ,0 ,1 ,1 ,1 ,4 ,1 ,0 ,0 ,1 ,0 ,0 ,0 ,1 ,0 ,0 ,0 ,1 ,0 ,0 ,1 ,0 ,0 ,0 ,0 ,1 
139 ,0 ,1 ,4 ,4 ,2 ,1 ,0 ,0 ,0 ,0 ,1 ,1 ,1 ,1 ,0 ,1 ,1 ,0 ,1 ,0 ,1 ,1 ,1 ,2 ,1 ,0 ,0 ,1 ,0 ,0 ,0 ,0 ,1 ,0 ,0 ,0 ,0 ,1 ,1 ,0 ,0 ,0 ,0 ,1 
140 ,1 ,1 ,4 ,3 ,2 ,4 ,0 ,1 ,1 ,0 ,0 ,1 ,1 ,1 ,0 ,0 ,0 ,0 ,1 ,0 ,0 ,0 ,0 ,2 ,1 ,0 ,0 ,1 ,0 ,0 ,0 ,0 ,1 ,0 ,0 ,0 ,1 ,0 ,1 ,0 ,0 ,0 ,0 ,1 
141 ,1 ,1 ,2 ,2 ,2 ,1 ,2 ,0 ,1 ,0 ,1 ,1 ,1 ,1 ,0 ,0 ,1 ,1 ,0 ,0 ,0 ,0 ,0 ,4 ,1 ,0 ,0 ,1 ,0 ,0 ,0 ,1 ,0 ,0 ,0 ,0 ,1 ,0 ,0 ,0 ,0 ,1 ,0 ,1 
142 ,0 ,1 ,4 ,4 ,1 ,3 ,0 ,0 ,1 ,1 ,1 ,1 ,1 ,1 ,0 ,1 ,0 ,0 ,1 ,0 ,0 ,1 ,1 ,2 ,1 ,0 ,0 ,1 ,0 ,0 ,0 ,0 ,1 ,0 ,0 ,0 ,1 ,0 ,1 ,0 ,0 ,0 ,0 ,1 
143 ,0 ,1 ,1 ,1 ,1 ,1 ,0 ,0 ,0 ,0 ,0 ,1 ,1 ,1 ,0 ,1 ,1 ,1 ,0 ,0 ,1 ,1 ,1 ,6 ,1 ,0 ,0 ,1 ,1 ,0 ,0 ,0 ,0 ,1 ,0 ,0 ,0 ,0 ,1 ,0 ,0 ,0 ,0 ,1 
144 ,1 ,1 ,2 ,1 ,1 ,1 ,3 ,0 ,1 ,0 ,0 ,1 ,1 ,1 ,0 ,1 ,1 ,1 ,1 ,0 ,0 ,0 ,0 ,3 ,1 ,0 ,0 ,1 ,0 ,0 ,1 ,0 ,0 ,0 ,0 ,1 ,0 ,0 ,0 ,1 ,0 ,0 ,0 ,1 
145 ,0 ,1 ,1 ,1 ,1 ,2 ,0 ,0 ,1 ,1 ,0 ,1 ,1 ,1 ,0 ,1 ,1 ,0 ,1 ,0 ,0 ,1 ,1 ,3 ,1 ,0 ,0 ,1 ,0 ,0 ,1 ,0 ,0 ,0 ,0 ,0 ,1 ,0 ,1 ,0 ,0 ,0 ,0 ,1 
146 ,0 ,1 ,3 ,2 ,1 ,2 ,3 ,0 ,1 ,0 ,0 ,1 ,1 ,1 ,0 ,1 ,1 ,0 ,1 ,0 ,0 ,0 ,0 ,2 ,1 ,0 ,0 ,1 ,0 ,1 ,0 ,0 ,0 ,0 ,0 ,0 ,1 ,0 ,0 ,1 ,0 ,0 ,0 ,1 
147 ,0 ,1 ,1 ,2 ,1 ,2 ,0 ,0 ,1 ,1 ,0 ,0 ,1 ,1 ,0 ,1 ,1 ,0 ,1 ,0 ,1 ,1 ,1 ,2 ,1 ,0 ,0 ,1 ,1 ,0 ,0 ,0 ,0 ,0 ,0 ,1 ,0 ,0 ,1 ,0 ,0 ,0 ,0 ,1 
148 ,1 ,1 ,4 ,4 ,1 ,1 ,0 ,0 ,1 ,0 ,0 ,1 ,0 ,1 ,1 ,1 ,1 ,0 ,1 ,0 ,0 ,0 ,0 ,3 ,1 ,0 ,0 ,1 ,0 ,0 ,0 ,0 ,1 ,0 ,0 ,0 ,0 ,1 ,1 ,0 ,0 ,0 ,0 ,1 
149 ,1 ,1 ,2 ,1 ,4 ,1 ,3 ,0 ,0 ,0 ,0 ,1 ,1 ,1 ,0 ,1 ,1 ,1 ,1 ,0 ,0 ,0 ,1 ,7 ,1 ,0 ,0 ,1 ,0 ,0 ,0 ,1 ,0 ,0 ,0 ,1 ,0 ,0 ,1 ,0 ,0 ,0 ,1 ,0 
150 ,1 ,1 ,1 ,1 ,1 ,1 ,3 ,0 ,0 ,0 ,0 ,1 ,0 ,1 ,1 ,0 ,1 ,1 ,1 ,0 ,0 ,0 ,0 ,7 ,1 ,0 ,0 ,1 ,0 ,0 ,1 ,0 ,0 ,0 ,0 ,1 ,0 ,0 ,1 ,0 ,0 ,0 ,0 ,1 
151 ,1 ,1 ,2 ,1 ,1 ,1 ,1 ,0 ,0 ,0 ,1 ,1 ,1 ,0 ,1 ,1 ,1 ,1 ,1 ,0 ,1 ,1 ,1 ,8 ,1 ,0 ,0 ,1 ,1 ,0 ,0 ,0 ,0 ,0 ,0 ,1 ,0 ,0 ,1 ,0 ,0 ,0 ,0 ,1 
152 ,0 ,1 ,3 ,3 ,2 ,3 ,2 ,0 ,1 ,1 ,1 ,1 ,1 ,1 ,1 ,1 ,0 ,0 ,1 ,0 ,1 ,1 ,1 ,5 ,1 ,0 ,1 ,0 ,0 ,0 ,0 ,1 ,0 ,0 ,0 ,0 ,1 ,0 ,0 ,0 ,0 ,1 ,0 ,1 
153 ,1 ,1 ,3 ,2 ,1 ,1 ,3 ,0 ,1 ,0 ,0 ,1 ,0 ,1 ,1 ,1 ,1 ,1 ,1 ,0 ,0 ,0 ,0 ,2 ,1 ,0 ,0 ,1 ,0 ,0 ,0 ,1 ,0 ,1 ,0 ,0 ,0 ,0 ,0 ,1 ,0 ,0 ,0 ,1 
154 ,0 ,1 ,4 ,4 ,1 ,1 ,0 ,1 ,1 ,0 ,0 ,1 ,1 ,0 ,1 ,1 ,0 ,0 ,1 ,0 ,1 ,1 ,1 ,2 ,1 ,0 ,0 ,1 ,0 ,0 ,1 ,0 ,0 ,0 ,0 ,0 ,0 ,1 ,1 ,0 ,0 ,0 ,0 ,1 
155 ,1 ,1 ,2 ,3 ,1 ,2 ,0 ,1 ,0 ,1 ,1 ,1 ,1 ,0 ,0 ,1 ,1 ,1 ,0 ,0 ,1 ,0 ,0 ,2 ,1 ,0 ,1 ,0 ,1 ,0 ,0 ,0 ,0 ,0 ,0 ,0 ,1 ,0 ,1 ,0 ,0 ,0 ,0 ,1 
156 ,1 ,1 ,1 ,2 ,1 ,1 ,0 ,0 ,0 ,0 ,0 ,1 ,1 ,0 ,0 ,0 ,0 ,0 ,1 ,0 ,1 ,1 ,1 ,6 ,1 ,0 ,1 ,0 ,0 ,0 ,1 ,0 ,0 ,0 ,0 ,1 ,0 ,0 ,0 ,0 ,0 ,1 ,0 ,1 
157 ,0 ,1 ,1 ,1 ,3 ,1 ,3 ,0 ,1 ,0 ,1 ,0 ,1 ,0 ,0 ,1 ,0 ,1 ,1 ,0 ,0 ,0 ,1 ,6 ,1 ,0 ,1 ,0 ,1 ,0 ,0 ,0 ,0 ,0 ,0 ,1 ,0 ,0 ,1 ,0 ,0 ,0 ,0 ,1 
158 ,1 ,1 ,2 ,2 ,3 ,1 ,0 ,0 ,0 ,0 ,0 ,0 ,1 ,0 ,0 ,1 ,0 ,0 ,1 ,0 ,1 ,1 ,1 ,3 ,1 ,0 ,1 ,0 ,1 ,0 ,0 ,0 ,0 ,0 ,0 ,1 ,0 ,0 ,1 ,0 ,0 ,0 ,0 ,1 
159 ,1 ,1 ,3 ,3 ,1 ,2 ,1 ,0 ,1 ,1 ,0 ,1 ,1 ,1 ,1 ,1 ,1 ,1 ,1 ,0 ,1 ,1 ,1 ,8 ,1 ,0 ,0 ,1 ,0 ,0 ,1 ,0 ,0 ,0 ,0 ,0 ,1 ,0 ,1 ,0 ,0 ,0 ,0 ,1 
160 ,1 ,1 ,2 ,1 ,2 ,1 ,2 ,0 ,0 ,0 ,1 ,1 ,0 ,1 ,1 ,1 ,1 ,0 ,1 ,0 ,0 ,0 ,0 ,4 ,1 ,0 ,1 ,0 ,1 ,0 ,0 ,0 ,0 ,0 ,0 ,1 ,0 ,0 ,1 ,0 ,0 ,0 ,0 ,1 
161 ,1 ,1 ,3 ,2 ,2 ,2 ,2 ,1 ,1 ,0 ,0 ,1 ,1 ,1 ,1 ,1 ,1 ,1 ,1 ,0 ,0 ,0 ,0 ,5 ,1 ,0 ,1 ,0 ,0 ,0 ,1 ,0 ,0 ,0 ,0 ,1 ,0 ,0 ,1 ,0 ,0 ,0 ,0 ,1 
162 ,1 ,1 ,1 ,2 ,2 ,1 ,1 ,0 ,0 ,0 ,1 ,1 ,1 ,0 ,0 ,1 ,1 ,1 ,1 ,0 ,0 ,0 ,0 ,6 ,1 ,0 ,0 ,1 ,0 ,0 ,1 ,0 ,0 ,0 ,0 ,1 ,0 ,0 ,1 ,0 ,0 ,0 ,0 ,1 
163 ,1 ,1 ,1 ,3 ,1 ,1 ,0 ,0 ,0 ,0 ,0 ,1 ,0 ,1 ,0 ,1 ,1 ,1 ,0 ,0 ,1 ,1 ,1 ,5 ,1 ,0 ,0 ,1 ,1 ,0 ,0 ,0 ,0 ,0 ,0 ,0 ,1 ,0 ,1 ,0 ,0 ,0 ,0 ,1 
164 ,1 ,1 ,1 ,1 ,4 ,2 ,3 ,0 ,0 ,0 ,1 ,1 ,0 ,0 ,1 ,1 ,1 ,1 ,1 ,0 ,0 ,0 ,0 ,6 ,1 ,0 ,1 ,0 ,0 ,0 ,1 ,0 ,0 ,0 ,0 ,0 ,1 ,0 ,1 ,0 ,0 ,0 ,0 ,1 
165 ,1 ,1 ,3 ,2 ,2 ,1 ,1 ,0 ,1 ,0 ,1 ,0 ,0 ,0 ,0 ,1 ,1 ,0 ,0 ,0 ,1 ,1 ,1 ,2 ,1 ,0 ,0 ,1 ,0 ,0 ,0 ,1 ,0 ,0 ,0 ,0 ,1 ,0 ,1 ,0 ,0 ,0 ,0 ,1 
166 ,1 ,1 ,2 ,2 ,1 ,2 ,0 ,0 ,0 ,0 ,0 ,1 ,0 ,1 ,0 ,1 ,1 ,1 ,1 ,0 ,1 ,1 ,1 ,6 ,1 ,0 ,0 ,1 ,0 ,0 ,1 ,0 ,0 ,0 ,0 ,1 ,0 ,0 ,1 ,0 ,0 ,0 ,0 ,1 
167 ,0 ,1 ,4 ,2 ,1 ,2 ,0 ,0 ,0 ,1 ,0 ,1 ,1 ,1 ,1 ,1 ,0 ,1 ,1 ,0 ,1 ,1 ,1 ,2 ,1 ,0 ,0 ,1 ,0 ,1 ,0 ,0 ,0 ,0 ,0 ,0 ,1 ,0 ,0 ,1 ,0 ,0 ,0 ,1 
168 ,0 ,1 ,2 ,2 ,1 ,2 ,0 ,0 ,1 ,1 ,0 ,0 ,1 ,1 ,0 ,1 ,0 ,1 ,1 ,0 ,0 ,0 ,0 ,2 ,1 ,0 ,0 ,1 ,0 ,0 ,1 ,0 ,0 ,0 ,0 ,1 ,0 ,0 ,0 ,1 ,0 ,0 ,0 ,1 
169 ,0 ,1 ,4 ,4 ,1 ,2 ,0 ,0 ,1 ,1 ,0 ,1 ,1 ,1 ,1 ,1 ,1 ,0 ,1 ,0 ,1 ,1 ,1 ,2 ,1 ,0 ,0 ,1 ,0 ,1 ,0 ,0 ,0 ,0 ,1 ,0 ,0 ,0 ,0 ,0 ,0 ,1 ,0 ,1 
170 ,1 ,1 ,3 ,4 ,3 ,1 ,2 ,0 ,1 ,0 ,1 ,0 ,1 ,1 ,0 ,1 ,1 ,1 ,0 ,0 ,0 ,0 ,0 ,6 ,1 ,0 ,0 ,1 ,0 ,0 ,1 ,0 ,0 ,0 ,0 ,1 ,0 ,0 ,1 ,0 ,0 ,0 ,0 ,1 
171 ,1 ,1 ,1 ,0 ,2 ,2 ,0 ,0 ,1 ,1 ,1 ,1 ,1 ,1 ,1 ,1 ,1 ,0 ,1 ,0 ,1 ,1 ,1 ,2 ,1 ,0 ,0 ,1 ,0 ,0 ,1 ,0 ,0 ,0 ,0 ,1 ,0 ,0 ,0 ,0 ,0 ,1 ,0 ,1 
172 ,1 ,1 ,4 ,4 ,1 ,2 ,0 ,0 ,1 ,1 ,1 ,1 ,1 ,1 ,0 ,1 ,1 ,1 ,1 ,0 ,1 ,1 ,1 ,4 ,1 ,0 ,0 ,1 ,0 ,0 ,0 ,0 ,1 ,0 ,0 ,1 ,0 ,0 ,0 ,0 ,0 ,1 ,0 ,1 
173 ,0 ,1 ,1 ,3 ,1 ,2 ,3 ,0 ,0 ,0 ,1 ,0 ,1 ,1 ,1 ,1 ,1 ,1 ,1 ,0 ,0 ,0 ,0 ,2 ,1 ,0 ,0 ,1 ,1 ,0 ,0 ,0 ,0 ,0 ,0 ,0 ,1 ,0 ,0 ,1 ,0 ,0 ,0 ,1 
174 ,0 ,1 ,3 ,3 ,2 ,2 ,0 ,0 ,1 ,1 ,1 ,1 ,1 ,1 ,0 ,1 ,1 ,1 ,1 ,0 ,1 ,1 ,0 ,2 ,1 ,0 ,0 ,1 ,0 ,0 ,1 ,0 ,0 ,0 ,0 ,1 ,0 ,0 ,0 ,0 ,0 ,1 ,0 ,1 
175 ,1 ,1 ,4 ,3 ,2 ,2 ,0 ,0 ,0 ,1 ,1 ,1 ,1 ,1 ,0 ,1 ,1 ,1 ,1 ,0 ,1 ,0 ,0 ,8 ,1 ,0 ,0 ,1 ,0 ,0 ,0 ,0 ,1 ,0 ,0 ,1 ,0 ,0 ,1 ,0 ,0 ,0 ,0 ,1 
176 ,0 ,1 ,2 ,2 ,2 ,2 ,0 ,0 ,0 ,1 ,1 ,0 ,1 ,1 ,0 ,1 ,1 ,1 ,1 ,0 ,1 ,1 ,1 ,5 ,1 ,0 ,0 ,1 ,0 ,0 ,0 ,1 ,0 ,0 ,0 ,1 ,0 ,0 ,0 ,0 ,0 ,1 ,0 ,1 
177 ,1 ,1 ,3 ,3 ,1 ,2 ,0 ,0 ,0 ,0 ,1 ,0 ,1 ,1 ,0 ,1 ,1 ,1 ,1 ,0 ,0 ,0 ,0 ,5 ,1 ,0 ,0 ,1 ,0 ,0 ,1 ,0 ,0 ,0 ,0 ,1 ,0 ,0 ,0 ,0 ,0 ,1 ,0 ,1 
178 ,1 ,1 ,4 ,2 ,1 ,1 ,0 ,0 ,1 ,0 ,1 ,1 ,1 ,1 ,1 ,1 ,1 ,1 ,1 ,0 ,1 ,0 ,0 ,7 ,1 ,0 ,1 ,0 ,0 ,0 ,0 ,0 ,1 ,0 ,0 ,0 ,1 ,0 ,0 ,0 ,1 ,0 ,0 ,1 
179 ,1 ,1 ,4 ,3 ,1 ,2 ,0 ,0 ,1 ,0 ,1 ,1 ,1 ,1 ,1 ,1 ,0 ,1 ,0 ,0 ,1 ,1 ,1 ,2 ,1 ,0 ,0 ,1 ,0 ,0 ,1 ,0 ,0 ,0 ,0 ,1 ,0 ,0 ,1 ,0 ,0 ,0 ,0 ,1 
180 ,1 ,1 ,4 ,3 ,1 ,2 ,0 ,0 ,1 ,1 ,1 ,1 ,1 ,1 ,0 ,1 ,1 ,1 ,1 ,0 ,0 ,0 ,0 ,5 ,1 ,0 ,0 ,1 ,0 ,0 ,0 ,0 ,1 ,0 ,0 ,1 ,0 ,0 ,0 ,1 ,0 ,0 ,0 ,1 
181 ,1 ,1 ,3 ,3 ,1 ,2 ,0 ,0 ,0 ,1 ,1 ,1 ,1 ,1 ,1 ,1 ,0 ,1 ,1 ,0 ,1 ,1 ,1 ,3 ,1 ,0 ,0 ,1 ,0 ,0 ,0 ,1 ,0 ,0 ,0 ,1 ,0 ,0 ,0 ,1 ,0 ,0 ,0 ,1 
182 ,0 ,1 ,2 ,4 ,1 ,2 ,0 ,0 ,1 ,0 ,1 ,1 ,1 ,0 ,0 ,1 ,1 ,0 ,1 ,0 ,1 ,1 ,1 ,5 ,1 ,0 ,0 ,1 ,0 ,0 ,0 ,1 ,0 ,0 ,0 ,0 ,1 ,0 ,0 ,0 ,0 ,1 ,0 ,1 
183 ,0 ,1 ,3 ,3 ,1 ,2 ,0 ,0 ,1 ,0 ,1 ,1 ,1 ,1 ,1 ,1 ,1 ,1 ,0 ,1 ,0 ,0 ,0 ,5 ,1 ,0 ,0 ,1 ,0 ,0 ,1 ,0 ,0 ,0 ,0 ,1 ,0 ,0 ,0 ,0 ,0 ,1 ,0 ,1 
184 ,0 ,1 ,3 ,2 ,1 ,2 ,0 ,0 ,1 ,1 ,0 ,1 ,1 ,1 ,0 ,0 ,0 ,0 ,0 ,0 ,1 ,1 ,1 ,3 ,1 ,0 ,0 ,1 ,0 ,0 ,1 ,0 ,0 ,0 ,0 ,1 ,0 ,0 ,0 ,0 ,0 ,1 ,0 ,1 
185 ,1 ,1 ,3 ,3 ,1 ,2 ,0 ,0 ,1 ,0 ,1 ,1 ,1 ,1 ,1 ,1 ,1 ,1 ,1 ,0 ,1 ,1 ,1 ,5 ,1 ,0 ,0 ,1 ,0 ,0 ,0 ,1 ,0 ,0 ,0 ,0 ,1 ,0 ,0 ,0 ,1 ,0 ,0 ,1 
186 ,1 ,1 ,1 ,2 ,1 ,1 ,0 ,0 ,1 ,1 ,1 ,1 ,1 ,1 ,1 ,1 ,1 ,1 ,1 ,0 ,1 ,1 ,1 ,3 ,1 ,0 ,0 ,1 ,0 ,0 ,0 ,1 ,0 ,0 ,0 ,0 ,1 ,0 ,0 ,0 ,1 ,0 ,0 ,1 
187 ,1 ,1 ,2 ,1 ,1 ,2 ,0 ,0 ,0 ,1 ,1 ,1 ,1 ,1 ,1 ,1 ,0 ,1 ,1 ,0 ,1 ,1 ,1 ,3 ,1 ,0 ,0 ,1 ,0 ,0 ,1 ,0 ,0 ,0 ,0 ,1 ,0 ,0 ,1 ,0 ,0 ,0 ,0 ,1 
188 ,0 ,1 ,3 ,3 ,1 ,2 ,0 ,0 ,1 ,0 ,0 ,0 ,1 ,1 ,1 ,1 ,1 ,1 ,1 ,0 ,0 ,0 ,0 ,4 ,1 ,0 ,0 ,1 ,0 ,1 ,0 ,0 ,0 ,0 ,0 ,1 ,0 ,0 ,0 ,0 ,0 ,1 ,1 ,0 
189 ,1 ,1 ,1 ,2 ,1 ,2 ,0 ,0 ,0 ,0 ,0 ,1 ,1 ,0 ,0 ,1 ,0 ,1 ,1 ,0 ,0 ,0 ,1 ,6 ,1 ,0 ,1 ,0 ,1 ,0 ,0 ,0 ,0 ,0 ,0 ,1 ,0 ,0 ,0 ,1 ,0 ,0 ,0 ,1 
190 ,0 ,1 ,2 ,3 ,1 ,2 ,0 ,0 ,0 ,0 ,0 ,1 ,1 ,1 ,0 ,1 ,1 ,1 ,0 ,0 ,1 ,1 ,1 ,2 ,1 ,0 ,0 ,1 ,0 ,0 ,0 ,1 ,0 ,0 ,0 ,0 ,1 ,0 ,1 ,0 ,0 ,0 ,0 ,1 
191 ,0 ,1 ,1 ,1 ,1 ,2 ,0 ,0 ,0 ,0 ,1 ,1 ,1 ,1 ,0 ,1 ,1 ,1 ,1 ,0 ,0 ,0 ,0 ,2 ,1 ,0 ,0 ,1 ,1 ,0 ,0 ,0 ,0 ,0 ,0 ,0 ,1 ,0 ,1 ,0 ,0 ,0 ,0 ,1 
192 ,1 ,1 ,1 ,2 ,2 ,2 ,0 ,0 ,0 ,1 ,1 ,0 ,1 ,1 ,0 ,1 ,1 ,1 ,1 ,0 ,0 ,0 ,0 ,9 ,1 ,0 ,0 ,1 ,1 ,0 ,0 ,0 ,0 ,0 ,0 ,0 ,1 ,0 ,0 ,0 ,1 ,0 ,0 ,1 
193 ,1 ,1 ,3 ,3 ,1 ,1 ,0 ,0 ,1 ,0 ,1 ,1 ,1 ,1 ,0 ,1 ,1 ,0 ,1 ,0 ,0 ,0 ,1 ,7 ,1 ,0 ,1 ,0 ,0 ,0 ,0 ,1 ,0 ,0 ,0 ,0 ,1 ,0 ,0 ,0 ,0 ,1 ,0 ,1 
194 ,1 ,1 ,2 ,3 ,2 ,1 ,0 ,0 ,0 ,0 ,0 ,1 ,1 ,1 ,0 ,1 ,1 ,1 ,1 ,0 ,1 ,1 ,1 ,2 ,1 ,0 ,0 ,1 ,0 ,0 ,1 ,0 ,0 ,0 ,0 ,1 ,0 ,0 ,0 ,1 ,0 ,0 ,0 ,1 
195 ,0 ,1 ,2 ,4 ,1 ,2 ,0 ,0 ,0 ,0 ,1 ,1 ,1 ,1 ,1 ,1 ,1 ,0 ,1 ,0 ,1 ,1 ,1 ,2 ,1 ,0 ,0 ,1 ,0 ,0 ,0 ,1 ,0 ,0 ,0 ,0 ,1 ,0 ,1 ,0 ,0 ,0 ,0 ,1 
196 ,1 ,1 ,4 ,4 ,1 ,1 ,0 ,0 ,0 ,0 ,0 ,1 ,1 ,1 ,0 ,1 ,0 ,1 ,1 ,0 ,1 ,1 ,1 ,3 ,1 ,0 ,0 ,1 ,0 ,0 ,0 ,1 ,0 ,0 ,0 ,0 ,0 ,1 ,0 ,1 ,0 ,0 ,0 ,1 
197 ,1 ,1 ,3 ,3 ,3 ,1 ,0 ,0 ,1 ,1 ,1 ,1 ,1 ,1 ,0 ,1 ,1 ,1 ,1 ,0 ,0 ,0 ,1 ,8 ,1 ,0 ,1 ,0 ,0 ,0 ,0 ,0 ,1 ,0 ,0 ,1 ,0 ,0 ,0 ,1 ,0 ,0 ,0 ,1 
198 ,0 ,1 ,4 ,4 ,2 ,1 ,1 ,0 ,1 ,0 ,0 ,1 ,1 ,1 ,0 ,1 ,0 ,1 ,0 ,0 ,1 ,1 ,1 ,5 ,1 ,0 ,0 ,1 ,0 ,0 ,0 ,1 ,0 ,0 ,0 ,0 ,0 ,1 ,0 ,1 ,0 ,0 ,0 ,1 
199 ,0 ,1 ,4 ,4 ,1 ,2 ,0 ,0 ,1 ,1 ,0 ,1 ,1 ,1 ,0 ,1 ,1 ,0 ,1 ,0 ,0 ,0 ,1 ,3 ,1 ,0 ,0 ,1 ,0 ,0 ,0 ,0 ,1 ,0 ,0 ,0 ,0 ,1 ,0 ,0 ,0 ,1 ,0 ,1 
200 ,0 ,1 ,4 ,3 ,1 ,2 ,0 ,0 ,1 ,0 ,1 ,1 ,1 ,1 ,0 ,1 ,1 ,1 ,0 ,0 ,1 ,1 ,1 ,6 ,1 ,0 ,0 ,1 ,0 ,1 ,0 ,0 ,0 ,0 ,0 ,1 ,0 ,0 ,0 ,1 ,0 ,0 ,0 ,1 
201 ,0 ,1 ,2 ,3 ,1 ,2 ,0 ,1 ,1 ,1 ,1 ,1 ,1 ,0 ,0 ,1 ,1 ,1 ,1 ,0 ,0 ,1 ,1 ,4 ,1 ,0 ,0 ,1 ,0 ,0 ,1 ,0 ,0 ,0 ,0 ,1 ,0 ,0 ,0 ,0 ,0 ,1 ,0 ,1 
202 ,0 ,1 ,1 ,1 ,1 ,2 ,0 ,0 ,1 ,1 ,0 ,0 ,1 ,0 ,0 ,1 ,1 ,1 ,0 ,0 ,0 ,0 ,1 ,4 ,1 ,0 ,0 ,1 ,0 ,0 ,1 ,0 ,0 ,0 ,0 ,1 ,0 ,0 ,1 ,0 ,0 ,0 ,0 ,1 
203 ,0 ,1 ,2 ,2 ,1 ,1 ,0 ,0 ,1 ,0 ,0 ,1 ,1 ,1 ,0 ,1 ,1 ,0 ,1 ,0 ,0 ,0 ,0 ,3 ,1 ,0 ,1 ,0 ,0 ,0 ,1 ,0 ,0 ,0 ,0 ,1 ,0 ,0 ,0 ,0 ,0 ,1 ,0 ,1 
204 ,0 ,1 ,2 ,2 ,2 ,4 ,0 ,0 ,1 ,1 ,1 ,0 ,1 ,1 ,0 ,1 ,1 ,1 ,1 ,0 ,1 ,1 ,1 ,2 ,1 ,0 ,1 ,0 ,0 ,0 ,0 ,1 ,0 ,0 ,0 ,0 ,1 ,0 ,0 ,0 ,0 ,1 ,0 ,1 
205 ,0 ,1 ,3 ,4 ,1 ,3 ,1 ,0 ,1 ,1 ,0 ,1 ,1 ,1 ,1 ,1 ,1 ,1 ,1 ,0 ,1 ,0 ,0 ,7 ,1 ,0 ,0 ,1 ,1 ,0 ,0 ,0 ,0 ,0 ,0 ,0 ,1 ,0 ,0 ,1 ,0 ,0 ,0 ,1 
206 ,0 ,1 ,3 ,1 ,1 ,2 ,3 ,0 ,1 ,1 ,0 ,1 ,1 ,1 ,0 ,0 ,1 ,1 ,1 ,0 ,0 ,0 ,0 ,4 ,1 ,0 ,0 ,1 ,0 ,0 ,0 ,1 ,0 ,0 ,0 ,1 ,0 ,0 ,1 ,0 ,0 ,0 ,1 ,0 
207 ,0 ,1 ,4 ,3 ,1 ,2 ,0 ,0 ,0 ,1 ,1 ,1 ,1 ,1 ,1 ,0 ,1 ,0 ,0 ,0 ,1 ,1 ,1 ,2 ,1 ,0 ,0 ,1 ,0 ,0 ,0 ,0 ,1 ,0 ,0 ,1 ,0 ,0 ,0 ,0 ,1 ,0 ,0 ,1 
208 ,0 ,1 ,1 ,1 ,2 ,1 ,0 ,0 ,1 ,1 ,0 ,1 ,1 ,0 ,0 ,1 ,1 ,0 ,1 ,0 ,0 ,0 ,1 ,5 ,1 ,0 ,0 ,1 ,1 ,0 ,0 ,0 ,0 ,0 ,0 ,1 ,0 ,0 ,0 ,1 ,0 ,0 ,0 ,1 
209 ,0 ,1 ,4 ,3 ,2 ,3 ,0 ,0 ,1 ,1 ,1 ,1 ,1 ,1 ,1 ,1 ,1 ,0 ,1 ,0 ,0 ,0 ,0 ,2 ,1 ,0 ,1 ,0 ,0 ,0 ,0 ,0 ,1 ,0 ,0 ,1 ,0 ,0 ,0 ,0 ,0 ,1 ,0 ,1 
210 ,0 ,1 ,3 ,3 ,1 ,4 ,0 ,0 ,1 ,1 ,1 ,1 ,1 ,1 ,0 ,1 ,1 ,1 ,1 ,0 ,0 ,0 ,0 ,3 ,1 ,0 ,0 ,1 ,0 ,0 ,1 ,0 ,0 ,0 ,0 ,1 ,0 ,0 ,0 ,0 ,0 ,1 ,0 ,1 
211 ,1 ,1 ,4 ,4 ,1 ,2 ,0 ,0 ,1 ,1 ,0 ,1 ,1 ,1 ,1 ,1 ,1 ,1 ,1 ,0 ,1 ,1 ,1 ,9 ,1 ,0 ,0 ,1 ,0 ,0 ,0 ,1 ,0 ,0 ,0 ,1 ,0 ,0 ,0 ,1 ,0 ,0 ,0 ,1 
212 ,0 ,1 ,2 ,2 ,1 ,2 ,0 ,1 ,1 ,1 ,0 ,1 ,1 ,1 ,0 ,1 ,1 ,1 ,1 ,0 ,1 ,1 ,1 ,2 ,1 ,0 ,0 ,1 ,0 ,0 ,1 ,0 ,0 ,0 ,0 ,1 ,0 ,0 ,0 ,0 ,0 ,1 ,1 ,0 
213 ,1 ,1 ,2 ,2 ,1 ,2 ,1 ,0 ,1 ,1 ,1 ,1 ,1 ,1 ,0 ,1 ,1 ,1 ,1 ,0 ,0 ,0 ,0 ,6 ,1 ,0 ,0 ,1 ,0 ,0 ,0 ,1 ,0 ,0 ,0 ,1 ,0 ,0 ,0 ,1 ,0 ,0 ,0 ,1 
214 ,0 ,1 ,4 ,4 ,1 ,1 ,0 ,0 ,1 ,1 ,0 ,1 ,1 ,0 ,0 ,1 ,0 ,0 ,1 ,0 ,0 ,1 ,1 ,3 ,1 ,0 ,1 ,0 ,0 ,0 ,0 ,1 ,0 ,0 ,0 ,1 ,0 ,0 ,0 ,0 ,1 ,0 ,0 ,1 
215 ,0 ,1 ,3 ,2 ,2 ,2 ,0 ,0 ,0 ,1 ,0 ,1 ,1 ,1 ,0 ,1 ,1 ,1 ,0 ,0 ,1 ,1 ,1 ,4 ,1 ,0 ,0 ,1 ,0 ,0 ,1 ,0 ,0 ,0 ,0 ,1 ,0 ,0 ,0 ,0 ,0 ,1 ,0 ,1 
216 ,0 ,1 ,4 ,3 ,1 ,2 ,2 ,0 ,0 ,1 ,0 ,1 ,1 ,1 ,1 ,1 ,1 ,1 ,0 ,0 ,0 ,0 ,0 ,6 ,1 ,0 ,0 ,1 ,0 ,0 ,1 ,0 ,0 ,0 ,0 ,1 ,0 ,0 ,0 ,0 ,0 ,1 ,0 ,1 
217 ,1 ,1 ,3 ,3 ,1 ,2 ,1 ,0 ,1 ,1 ,0 ,1 ,1 ,1 ,0 ,1 ,0 ,1 ,1 ,0 ,0 ,0 ,0 ,6 ,1 ,0 ,0 ,1 ,0 ,0 ,0 ,1 ,0 ,0 ,1 ,0 ,0 ,0 ,0 ,1 ,0 ,0 ,0 ,1 
218 ,0 ,1 ,2 ,3 ,2 ,1 ,0 ,0 ,1 ,1 ,0 ,1 ,1 ,0 ,0 ,1 ,1 ,1 ,1 ,0 ,0 ,0 ,0 ,5 ,1 ,0 ,0 ,1 ,1 ,0 ,0 ,0 ,0 ,0 ,0 ,1 ,0 ,0 ,0 ,1 ,0 ,0 ,0 ,1 
219 ,0 ,1 ,2 ,2 ,1 ,3 ,0 ,0 ,1 ,1 ,1 ,1 ,1 ,1 ,0 ,1 ,1 ,1 ,1 ,0 ,0 ,1 ,1 ,2 ,1 ,0 ,0 ,1 ,1 ,0 ,0 ,0 ,0 ,1 ,0 ,0 ,0 ,0 ,1 ,0 ,0 ,0 ,0 ,1 
220 ,0 ,1 ,2 ,1 ,2 ,2 ,0 ,0 ,1 ,0 ,1 ,1 ,1 ,1 ,0 ,1 ,0 ,1 ,1 ,0 ,0 ,0 ,0 ,3 ,1 ,0 ,1 ,0 ,1 ,0 ,0 ,0 ,0 ,0 ,0 ,0 ,1 ,0 ,0 ,0 ,0 ,1 ,0 ,1 
221 ,0 ,1 ,1 ,1 ,1 ,3 ,1 ,0 ,1 ,0 ,1 ,1 ,1 ,0 ,1 ,1 ,1 ,1 ,1 ,0 ,0 ,0 ,0 ,2 ,1 ,0 ,0 ,1 ,1 ,0 ,0 ,0 ,0 ,0 ,0 ,1 ,0 ,0 ,0 ,0 ,0 ,1 ,0 ,1 
222 ,0 ,1 ,2 ,3 ,1 ,2 ,0 ,1 ,0 ,0 ,0 ,1 ,1 ,1 ,0 ,0 ,1 ,0 ,1 ,0 ,1 ,1 ,1 ,2 ,1 ,0 ,0 ,1 ,0 ,0 ,0 ,1 ,0 ,0 ,0 ,0 ,0 ,1 ,0 ,0 ,1 ,0 ,0 ,1 
223 ,1 ,1 ,2 ,2 ,2 ,2 ,0 ,0 ,1 ,1 ,0 ,1 ,1 ,1 ,0 ,1 ,1 ,1 ,1 ,0 ,1 ,1 ,1 ,10 ,1 ,0 ,0 ,1 ,0 ,0 ,1 ,0 ,0 ,0 ,0 ,1 ,0 ,0 ,0 ,1 ,0 ,0 ,0 ,1 
224 ,0 ,1 ,4 ,4 ,1 ,3 ,0 ,0 ,1 ,0 ,1 ,0 ,1 ,1 ,0 ,1 ,1 ,0 ,1 ,0 ,1 ,1 ,1 ,2 ,1 ,0 ,0 ,1 ,0 ,0 ,0 ,0 ,1 ,0 ,0 ,0 ,1 ,0 ,0 ,1 ,0 ,0 ,0 ,1 
225 ,0 ,1 ,3 ,1 ,1 ,2 ,1 ,0 ,0 ,0 ,1 ,1 ,1 ,1 ,1 ,1 ,1 ,1 ,1 ,0 ,0 ,0 ,0 ,2 ,1 ,0 ,1 ,0 ,0 ,0 ,1 ,0 ,0 ,0 ,0 ,1 ,0 ,0 ,0 ,0 ,0 ,1 ,0 ,1 
226 ,0 ,1 ,3 ,2 ,1 ,2 ,0 ,0 ,0 ,0 ,1 ,0 ,1 ,1 ,0 ,1 ,1 ,1 ,1 ,0 ,1 ,1 ,1 ,4 ,1 ,0 ,0 ,1 ,0 ,0 ,1 ,0 ,0 ,0 ,0 ,1 ,0 ,0 ,1 ,0 ,0 ,0 ,0 ,1 
227 ,1 ,1 ,2 ,3 ,1 ,2 ,0 ,0 ,1 ,1 ,0 ,0 ,1 ,1 ,0 ,1 ,1 ,1 ,1 ,0 ,1 ,1 ,1 ,4 ,1 ,0 ,0 ,1 ,0 ,0 ,0 ,1 ,0 ,0 ,0 ,0 ,1 ,0 ,0 ,0 ,0 ,1 ,0 ,1 
228 ,1 ,1 ,2 ,1 ,4 ,2 ,0 ,1 ,1 ,1 ,1 ,1 ,1 ,1 ,1 ,1 ,1 ,0 ,1 ,0 ,1 ,0 ,0 ,9 ,1 ,0 ,0 ,1 ,1 ,0 ,0 ,0 ,0 ,0 ,0 ,1 ,0 ,0 ,1 ,0 ,0 ,0 ,0 ,1 
229 ,0 ,1 ,2 ,1 ,2 ,3 ,0 ,0 ,0 ,0 ,1 ,1 ,1 ,1 ,1 ,1 ,0 ,1 ,1 ,0 ,1 ,1 ,1 ,3 ,1 ,0 ,0 ,1 ,0 ,0 ,1 ,0 ,0 ,0 ,0 ,1 ,0 ,0 ,1 ,0 ,0 ,0 ,1 ,0 
230 ,0 ,1 ,4 ,3 ,1 ,2 ,0 ,0 ,0 ,0 ,1 ,1 ,1 ,1 ,1 ,1 ,0 ,1 ,1 ,0 ,1 ,1 ,1 ,3 ,1 ,0 ,0 ,1 ,0 ,1 ,0 ,0 ,0 ,0 ,0 ,1 ,0 ,0 ,0 ,0 ,0 ,1 ,0 ,1 
231 ,1 ,1 ,2 ,2 ,2 ,2 ,0 ,0 ,1 ,1 ,1 ,1 ,1 ,1 ,0 ,1 ,1 ,0 ,0 ,0 ,1 ,1 ,1 ,2 ,1 ,0 ,1 ,0 ,0 ,0 ,1 ,0 ,0 ,0 ,0 ,1 ,0 ,0 ,1 ,0 ,0 ,0 ,0 ,1 
232 ,1 ,1 ,4 ,4 ,1 ,2 ,0 ,1 ,1 ,0 ,1 ,1 ,1 ,1 ,1 ,1 ,1 ,1 ,0 ,0 ,1 ,0 ,0 ,4 ,1 ,0 ,0 ,1 ,0 ,0 ,0 ,0 ,1 ,0 ,0 ,0 ,0 ,1 ,0 ,0 ,0 ,1 ,0 ,1 
233 ,1 ,1 ,4 ,4 ,1 ,2 ,0 ,0 ,1 ,1 ,1 ,1 ,1 ,1 ,0 ,1 ,0 ,1 ,0 ,0 ,1 ,1 ,1 ,6 ,1 ,0 ,0 ,1 ,0 ,1 ,0 ,0 ,0 ,0 ,0 ,1 ,0 ,0 ,0 ,0 ,0 ,1 ,0 ,1 
234 ,1 ,1 ,1 ,1 ,2 ,2 ,0 ,0 ,1 ,1 ,0 ,1 ,1 ,1 ,0 ,1 ,1 ,0 ,1 ,0 ,0 ,0 ,0 ,2 ,1 ,0 ,0 ,1 ,0 ,0 ,1 ,0 ,0 ,0 ,0 ,1 ,0 ,0 ,0 ,1 ,0 ,0 ,0 ,1 
235 ,1 ,1 ,3 ,2 ,2 ,3 ,0 ,0 ,0 ,0 ,1 ,1 ,1 ,1 ,1 ,1 ,1 ,1 ,0 ,0 ,1 ,0 ,1 ,4 ,1 ,0 ,0 ,1 ,1 ,0 ,0 ,0 ,0 ,0 ,0 ,1 ,0 ,0 ,0 ,0 ,0 ,1 ,0 ,1 
236 ,1 ,1 ,2 ,2 ,1 ,2 ,0 ,0 ,0 ,1 ,1 ,0 ,1 ,1 ,1 ,1 ,1 ,0 ,1 ,0 ,1 ,1 ,1 ,10 ,1 ,0 ,0 ,1 ,0 ,0 ,1 ,0 ,0 ,0 ,0 ,1 ,0 ,0 ,0 ,1 ,0 ,0 ,0 ,1 
237 ,0 ,1 ,2 ,1 ,1 ,1 ,0 ,0 ,0 ,0 ,0 ,1 ,1 ,1 ,1 ,1 ,1 ,0 ,1 ,0 ,1 ,1 ,1 ,2 ,1 ,0 ,0 ,1 ,0 ,0 ,1 ,0 ,0 ,0 ,0 ,1 ,0 ,0 ,0 ,1 ,0 ,0 ,0 ,1 
238 ,0 ,1 ,2 ,1 ,3 ,2 ,0 ,0 ,0 ,0 ,1 ,1 ,1 ,0 ,0 ,0 ,0 ,0 ,1 ,0 ,1 ,1 ,1 ,2 ,1 ,0 ,1 ,0 ,1 ,0 ,0 ,0 ,0 ,0 ,0 ,0 ,1 ,0 ,1 ,0 ,0 ,0 ,0 ,1 
239 ,1 ,1 ,2 ,2 ,1 ,2 ,1 ,0 ,0 ,0 ,0 ,1 ,0 ,1 ,0 ,1 ,1 ,1 ,0 ,0 ,0 ,0 ,0 ,8 ,1 ,0 ,0 ,1 ,0 ,0 ,1 ,0 ,0 ,0 ,0 ,0 ,1 ,0 ,0 ,0 ,0 ,1 ,0 ,1 
240 ,1 ,1 ,4 ,3 ,2 ,2 ,0 ,0 ,0 ,0 ,1 ,1 ,1 ,1 ,1 ,0 ,1 ,1 ,1 ,0 ,1 ,1 ,1 ,5 ,1 ,0 ,0 ,1 ,0 ,1 ,0 ,0 ,0 ,0 ,0 ,1 ,0 ,0 ,1 ,0 ,0 ,0 ,0 ,1 
241 ,1 ,1 ,4 ,4 ,2 ,2 ,0 ,0 ,1 ,1 ,0 ,1 ,1 ,1 ,0 ,1 ,1 ,1 ,1 ,0 ,1 ,1 ,1 ,5 ,1 ,0 ,1 ,0 ,0 ,0 ,0 ,0 ,1 ,0 ,0 ,1 ,0 ,0 ,1 ,0 ,0 ,0 ,1 ,0 
242 ,1 ,1 ,4 ,3 ,1 ,1 ,0 ,0 ,0 ,0 ,1 ,0 ,1 ,1 ,0 ,1 ,1 ,1 ,1 ,0 ,0 ,0 ,0 ,2 ,1 ,0 ,0 ,1 ,0 ,0 ,0 ,0 ,1 ,0 ,0 ,1 ,0 ,0 ,1 ,0 ,0 ,0 ,0 ,1 
243 ,1 ,1 ,4 ,4 ,1 ,1 ,0 ,0 ,0 ,0 ,1 ,1 ,1 ,1 ,0 ,1 ,1 ,0 ,1 ,0 ,1 ,1 ,1 ,3 ,1 ,0 ,0 ,1 ,0 ,0 ,0 ,1 ,0 ,0 ,0 ,0 ,1 ,0 ,1 ,0 ,0 ,0 ,0 ,1 
244 ,0 ,1 ,2 ,1 ,2 ,3 ,0 ,0 ,1 ,1 ,0 ,0 ,1 ,1 ,1 ,1 ,1 ,1 ,1 ,0 ,0 ,0 ,0 ,2 ,1 ,0 ,0 ,1 ,0 ,0 ,1 ,0 ,0 ,0 ,0 ,1 ,0 ,0 ,1 ,0 ,0 ,0 ,0 ,1 
245 ,1 ,1 ,2 ,1 ,3 ,1 ,0 ,0 ,0 ,0 ,0 ,1 ,1 ,1 ,0 ,1 ,1 ,1 ,1 ,0 ,1 ,1 ,1 ,2 ,1 ,0 ,0 ,1 ,0 ,0 ,1 ,0 ,0 ,0 ,0 ,1 ,0 ,0 ,1 ,0 ,0 ,0 ,0 ,1 
246 ,1 ,1 ,2 ,3 ,2 ,1 ,0 ,0 ,0 ,0 ,0 ,1 ,1 ,1 ,0 ,1 ,0 ,0 ,0 ,0 ,1 ,1 ,1 ,2 ,1 ,0 ,0 ,1 ,0 ,0 ,1 ,0 ,0 ,0 ,0 ,1 ,0 ,0 ,1 ,0 ,0 ,0 ,0 ,1 
247 ,1 ,1 ,3 ,1 ,1 ,1 ,3 ,0 ,0 ,0 ,0 ,0 ,0 ,1 ,1 ,1 ,1 ,1 ,0 ,0 ,0 ,0 ,0 ,10 ,1 ,0 ,0 ,1 ,0 ,0 ,0 ,1 ,0 ,0 ,0 ,0 ,1 ,0 ,0 ,0 ,1 ,0 ,0 ,1 
248 ,1 ,1 ,3 ,3 ,1 ,2 ,1 ,0 ,1 ,0 ,0 ,1 ,1 ,1 ,1 ,1 ,1 ,1 ,1 ,0 ,0 ,0 ,0 ,4 ,1 ,0 ,1 ,0 ,0 ,0 ,1 ,0 ,0 ,0 ,0 ,0 ,1 ,0 ,1 ,0 ,0 ,0 ,0 ,1 
249 ,1 ,1 ,0 ,2 ,1 ,1 ,0 ,0 ,0 ,1 ,0 ,0 ,1 ,1 ,0 ,1 ,1 ,0 ,1 ,0 ,1 ,1 ,1 ,6 ,1 ,0 ,0 ,1 ,0 ,0 ,1 ,0 ,0 ,0 ,0 ,1 ,0 ,0 ,0 ,0 ,1 ,0 ,0 ,1 
250 ,1 ,1 ,3 ,2 ,2 ,1 ,1 ,0 ,0 ,0 ,0 ,1 ,0 ,1 ,0 ,1 ,1 ,1 ,1 ,0 ,0 ,0 ,0 ,6 ,1 ,0 ,0 ,1 ,0 ,0 ,0 ,1 ,0 ,0 ,0 ,1 ,0 ,0 ,1 ,0 ,0 ,0 ,0 ,1 
251 ,1 ,1 ,3 ,3 ,3 ,2 ,0 ,1 ,1 ,0 ,0 ,0 ,1 ,1 ,0 ,1 ,1 ,1 ,0 ,0 ,0 ,1 ,1 ,4 ,1 ,0 ,0 ,1 ,1 ,0 ,0 ,0 ,0 ,0 ,0 ,1 ,0 ,0 ,0 ,0 ,0 ,1 ,0 ,1 
252 ,1 ,1 ,2 ,1 ,1 ,1 ,1 ,0 ,0 ,0 ,0 ,0 ,0 ,1 ,0 ,1 ,0 ,1 ,1 ,0 ,0 ,0 ,0 ,7 ,1 ,0 ,0 ,1 ,0 ,0 ,0 ,1 ,0 ,0 ,0 ,0 ,1 ,0 ,0 ,0 ,1 ,0 ,0 ,1 
253 ,1 ,1 ,2 ,1 ,2 ,1 ,0 ,0 ,0 ,0 ,1 ,0 ,1 ,0 ,0 ,1 ,1 ,0 ,1 ,0 ,0 ,0 ,0 ,4 ,1 ,0 ,1 ,0 ,0 ,0 ,1 ,0 ,0 ,0 ,0 ,1 ,0 ,0 ,1 ,0 ,0 ,0 ,0 ,1 
254 ,1 ,1 ,2 ,1 ,1 ,1 ,0 ,0 ,0 ,0 ,0 ,0 ,1 ,1 ,0 ,1 ,1 ,0 ,1 ,0 ,0 ,1 ,1 ,6 ,1 ,0 ,1 ,0 ,0 ,0 ,1 ,0 ,0 ,0 ,0 ,1 ,0 ,0 ,1 ,0 ,0 ,0 ,0 ,1 
255 ,1 ,1 ,1 ,1 ,2 ,1 ,1 ,0 ,1 ,0 ,1 ,1 ,1 ,1 ,0 ,1 ,1 ,1 ,1 ,0 ,0 ,0 ,0 ,3 ,1 ,0 ,0 ,1 ,0 ,1 ,0 ,0 ,0 ,0 ,0 ,1 ,0 ,0 ,1 ,0 ,0 ,0 ,0 ,1 
256 ,0 ,1 ,4 ,2 ,1 ,4 ,0 ,0 ,1 ,1 ,1 ,1 ,1 ,1 ,0 ,1 ,0 ,1 ,1 ,0 ,1 ,1 ,1 ,2 ,1 ,0 ,0 ,1 ,0 ,0 ,0 ,0 ,1 ,0 ,0 ,0 ,1 ,0 ,0 ,0 ,0 ,1 ,0 ,1 
257 ,1 ,1 ,4 ,3 ,1 ,2 ,0 ,0 ,1 ,0 ,0 ,1 ,1 ,1 ,0 ,1 ,1 ,0 ,0 ,0 ,1 ,1 ,1 ,2 ,1 ,0 ,0 ,1 ,0 ,0 ,0 ,1 ,0 ,1 ,0 ,0 ,0 ,0 ,0 ,0 ,0 ,1 ,1 ,0 
258 ,1 ,1 ,2 ,1 ,1 ,2 ,0 ,0 ,0 ,0 ,1 ,1 ,1 ,1 ,0 ,1 ,0 ,1 ,1 ,0 ,1 ,1 ,1 ,3 ,1 ,0 ,0 ,1 ,0 ,0 ,1 ,0 ,0 ,0 ,0 ,1 ,0 ,0 ,0 ,1 ,0 ,0 ,0 ,1 
259 ,0 ,1 ,2 ,2 ,1 ,4 ,0 ,0 ,0 ,1 ,1 ,1 ,1 ,1 ,1 ,1 ,1 ,0 ,0 ,0 ,1 ,0 ,0 ,2 ,1 ,0 ,0 ,1 ,0 ,0 ,0 ,1 ,0 ,0 ,0 ,0 ,1 ,0 ,1 ,0 ,0 ,0 ,0 ,1 
260 ,0 ,1 ,4 ,3 ,1 ,2 ,0 ,0 ,1 ,1 ,0 ,1 ,1 ,1 ,1 ,1 ,0 ,0 ,0 ,0 ,1 ,1 ,1 ,4 ,1 ,0 ,0 ,1 ,0 ,0 ,0 ,1 ,0 ,0 ,0 ,1 ,0 ,0 ,0 ,1 ,0 ,0 ,0 ,1 
261 ,1 ,1 ,4 ,3 ,1 ,2 ,0 ,0 ,1 ,1 ,0 ,0 ,1 ,1 ,0 ,1 ,1 ,0 ,1 ,0 ,0 ,0 ,0 ,2 ,1 ,0 ,0 ,1 ,0 ,0 ,0 ,0 ,1 ,0 ,0 ,1 ,0 ,0 ,1 ,0 ,0 ,0 ,0 ,1 
262 ,1 ,1 ,3 ,2 ,1 ,3 ,0 ,0 ,0 ,0 ,1 ,0 ,1 ,0 ,0 ,1 ,1 ,0 ,1 ,0 ,1 ,1 ,1 ,2 ,1 ,0 ,1 ,0 ,0 ,0 ,1 ,0 ,0 ,0 ,0 ,1 ,0 ,0 ,1 ,0 ,0 ,0 ,0 ,1 
263 ,0 ,1 ,3 ,3 ,1 ,3 ,0 ,0 ,0 ,0 ,1 ,0 ,1 ,0 ,0 ,1 ,0 ,1 ,1 ,0 ,1 ,0 ,0 ,2 ,1 ,0 ,0 ,1 ,0 ,0 ,1 ,0 ,0 ,0 ,0 ,1 ,0 ,0 ,0 ,1 ,0 ,0 ,0 ,1 
264 ,0 ,1 ,2 ,2 ,1 ,3 ,0 ,0 ,1 ,1 ,1 ,1 ,1 ,1 ,1 ,1 ,1 ,1 ,1 ,0 ,0 ,1 ,0 ,2 ,1 ,0 ,0 ,1 ,1 ,0 ,0 ,0 ,0 ,0 ,0 ,0 ,1 ,0 ,0 ,1 ,0 ,0 ,0 ,1 
265 ,1 ,1 ,3 ,4 ,2 ,2 ,0 ,0 ,1 ,1 ,1 ,1 ,1 ,1 ,0 ,1 ,0 ,1 ,0 ,0 ,1 ,1 ,1 ,7 ,1 ,0 ,1 ,0 ,0 ,0 ,1 ,0 ,0 ,0 ,0 ,1 ,0 ,0 ,0 ,0 ,0 ,1 ,1 ,0 
266 ,1 ,1 ,3 ,1 ,1 ,2 ,0 ,0 ,0 ,1 ,1 ,1 ,1 ,1 ,1 ,1 ,1 ,1 ,1 ,0 ,0 ,0 ,1 ,7 ,1 ,0 ,0 ,1 ,0 ,0 ,0 ,1 ,0 ,0 ,0 ,1 ,0 ,0 ,0 ,0 ,1 ,0 ,0 ,1 
267 ,0 ,1 ,4 ,4 ,2 ,2 ,0 ,0 ,0 ,1 ,1 ,1 ,1 ,1 ,0 ,1 ,1 ,1 ,1 ,0 ,1 ,1 ,1 ,4 ,1 ,0 ,1 ,0 ,0 ,0 ,0 ,0 ,1 ,0 ,0 ,1 ,0 ,0 ,0 ,0 ,0 ,1 ,0 ,1 
268 ,1 ,1 ,4 ,2 ,1 ,2 ,0 ,0 ,1 ,1 ,1 ,1 ,1 ,1 ,1 ,1 ,1 ,1 ,1 ,0 ,1 ,0 ,1 ,4 ,1 ,0 ,0 ,1 ,0 ,1 ,0 ,0 ,0 ,0 ,0 ,1 ,0 ,0 ,0 ,0 ,0 ,1 ,0 ,1 
269 ,0 ,1 ,2 ,1 ,2 ,2 ,0 ,0 ,1 ,0 ,0 ,1 ,0 ,1 ,1 ,1 ,1 ,1 ,1 ,0 ,0 ,0 ,0 ,3 ,1 ,0 ,1 ,0 ,0 ,0 ,1 ,0 ,0 ,0 ,0 ,1 ,0 ,0 ,0 ,0 ,0 ,1 ,0 ,1 
270 ,0 ,1 ,3 ,3 ,1 ,2 ,2 ,0 ,1 ,1 ,1 ,1 ,1 ,1 ,0 ,1 ,1 ,1 ,1 ,0 ,0 ,0 ,0 ,6 ,1 ,0 ,0 ,1 ,0 ,0 ,1 ,0 ,0 ,0 ,0 ,0 ,1 ,0 ,0 ,1 ,0 ,0 ,0 ,1 
271 ,0 ,1 ,2 ,3 ,1 ,4 ,0 ,0 ,1 ,1 ,1 ,1 ,1 ,1 ,1 ,1 ,1 ,1 ,0 ,0 ,1 ,1 ,1 ,4 ,1 ,0 ,0 ,1 ,0 ,0 ,1 ,0 ,0 ,0 ,0 ,0 ,1 ,0 ,0 ,0 ,0 ,1 ,0 ,1 
272 ,0 ,1 ,1 ,1 ,2 ,2 ,0 ,0 ,1 ,1 ,0 ,0 ,1 ,0 ,0 ,1 ,1 ,1 ,1 ,0 ,1 ,1 ,1 ,2 ,1 ,0 ,0 ,1 ,0 ,0 ,1 ,0 ,0 ,0 ,0 ,1 ,0 ,0 ,0 ,1 ,0 ,0 ,0 ,1 
273 ,1 ,1 ,1 ,2 ,1 ,2 ,0 ,0 ,1 ,1 ,1 ,0 ,1 ,0 ,1 ,1 ,1 ,0 ,0 ,0 ,1 ,1 ,1 ,4 ,1 ,0 ,1 ,0 ,1 ,0 ,0 ,0 ,0 ,1 ,0 ,0 ,0 ,0 ,0 ,1 ,0 ,0 ,0 ,1 
274 ,0 ,1 ,2 ,4 ,2 ,2 ,0 ,0 ,1 ,1 ,0 ,1 ,1 ,1 ,1 ,1 ,1 ,1 ,0 ,0 ,1 ,1 ,1 ,2 ,1 ,0 ,0 ,1 ,1 ,0 ,0 ,0 ,0 ,0 ,1 ,0 ,0 ,0 ,0 ,0 ,0 ,1 ,0 ,1 
275 ,0 ,1 ,2 ,2 ,2 ,2 ,0 ,1 ,1 ,1 ,0 ,1 ,1 ,1 ,1 ,1 ,1 ,1 ,1 ,0 ,1 ,1 ,1 ,5 ,1 ,0 ,0 ,1 ,0 ,0 ,0 ,1 ,0 ,0 ,0 ,1 ,0 ,0 ,1 ,0 ,0 ,0 ,0 ,1 
276 ,0 ,1 ,3 ,2 ,2 ,2 ,0 ,0 ,0 ,0 ,0 ,0 ,0 ,1 ,1 ,1 ,0 ,0 ,1 ,1 ,1 ,0 ,0 ,2 ,1 ,0 ,1 ,0 ,0 ,0 ,1 ,0 ,0 ,0 ,0 ,0 ,1 ,0 ,0 ,1 ,0 ,0 ,1 ,0 
277 ,1 ,1 ,4 ,4 ,2 ,1 ,0 ,0 ,0 ,1 ,1 ,1 ,1 ,1 ,0 ,1 ,0 ,1 ,1 ,0 ,0 ,0 ,0 ,5 ,1 ,0 ,0 ,1 ,0 ,0 ,0 ,0 ,1 ,0 ,0 ,0 ,1 ,0 ,0 ,1 ,0 ,0 ,0 ,1 
278 ,0 ,1 ,4 ,4 ,1 ,2 ,1 ,1 ,1 ,0 ,1 ,1 ,1 ,1 ,1 ,0 ,1 ,1 ,1 ,0 ,0 ,0 ,0 ,2 ,1 ,0 ,0 ,1 ,0 ,1 ,0 ,0 ,0 ,0 ,1 ,0 ,0 ,0 ,0 ,0 ,0 ,1 ,0 ,1 
279 ,1 ,1 ,4 ,3 ,2 ,1 ,0 ,0 ,0 ,1 ,1 ,1 ,1 ,1 ,0 ,1 ,0 ,1 ,0 ,0 ,1 ,1 ,1 ,3 ,1 ,0 ,0 ,1 ,0 ,0 ,0 ,0 ,1 ,0 ,0 ,0 ,1 ,0 ,1 ,0 ,0 ,0 ,0 ,1 
280 ,1 ,1 ,4 ,1 ,2 ,1 ,0 ,0 ,0 ,1 ,1 ,1 ,1 ,1 ,1 ,1 ,1 ,1 ,1 ,0 ,0 ,0 ,0 ,6 ,1 ,0 ,0 ,1 ,0 ,0 ,0 ,1 ,0 ,0 ,0 ,1 ,0 ,0 ,0 ,1 ,0 ,0 ,1 ,0 
281 ,1 ,1 ,3 ,2 ,1 ,1 ,1 ,0 ,0 ,0 ,0 ,1 ,1 ,1 ,0 ,1 ,1 ,1 ,1 ,0 ,1 ,0 ,1 ,7 ,1 ,0 ,0 ,1 ,0 ,0 ,0 ,0 ,1 ,0 ,0 ,0 ,1 ,0 ,0 ,1 ,0 ,0 ,1 ,0 
282 ,0 ,1 ,1 ,1 ,2 ,4 ,0 ,0 ,1 ,1 ,1 ,1 ,1 ,0 ,0 ,1 ,0 ,0 ,1 ,0 ,1 ,1 ,1 ,2 ,1 ,0 ,1 ,0 ,1 ,0 ,0 ,0 ,0 ,0 ,0 ,1 ,0 ,0 ,0 ,0 ,0 ,1 ,0 ,1 
283 ,0 ,1 ,1 ,1 ,2 ,2 ,0 ,1 ,0 ,0 ,1 ,1 ,1 ,1 ,0 ,1 ,1 ,1 ,1 ,0 ,0 ,0 ,1 ,2 ,1 ,0 ,0 ,1 ,0 ,0 ,1 ,0 ,0 ,0 ,0 ,1 ,0 ,0 ,0 ,1 ,0 ,0 ,0 ,1 
284 ,0 ,1 ,2 ,2 ,1 ,2 ,0 ,0 ,1 ,0 ,0 ,0 ,1 ,1 ,0 ,1 ,1 ,1 ,1 ,0 ,1 ,0 ,1 ,3 ,1 ,0 ,0 ,1 ,0 ,0 ,1 ,0 ,0 ,0 ,0 ,1 ,0 ,0 ,1 ,0 ,0 ,0 ,0 ,1 
285 ,1 ,1 ,1 ,1 ,1 ,2 ,0 ,0 ,0 ,1 ,0 ,0 ,1 ,1 ,0 ,1 ,1 ,1 ,1 ,0 ,1 ,1 ,1 ,3 ,1 ,0 ,0 ,1 ,0 ,0 ,1 ,0 ,0 ,0 ,0 ,1 ,0 ,0 ,0 ,0 ,0 ,1 ,0 ,1 
286 ,0 ,1 ,2 ,2 ,1 ,3 ,0 ,0 ,1 ,1 ,0 ,1 ,1 ,1 ,0 ,1 ,1 ,1 ,0 ,0 ,1 ,1 ,1 ,3 ,1 ,0 ,0 ,1 ,1 ,0 ,0 ,0 ,0 ,1 ,0 ,0 ,0 ,0 ,0 ,0 ,1 ,0 ,0 ,1 
287 ,0 ,1 ,1 ,1 ,1 ,3 ,0 ,0 ,1 ,1 ,0 ,1 ,1 ,1 ,0 ,1 ,1 ,1 ,1 ,0 ,1 ,1 ,1 ,2 ,1 ,0 ,0 ,1 ,0 ,0 ,0 ,1 ,0 ,0 ,0 ,0 ,0 ,1 ,0 ,0 ,0 ,1 ,0 ,1 
288 ,1 ,1 ,2 ,1 ,1 ,3 ,0 ,0 ,0 ,1 ,1 ,1 ,1 ,1 ,0 ,1 ,0 ,1 ,0 ,0 ,1 ,1 ,1 ,4 ,1 ,0 ,0 ,1 ,0 ,0 ,0 ,1 ,0 ,0 ,0 ,0 ,1 ,0 ,0 ,0 ,0 ,1 ,0 ,1 
289 ,1 ,1 ,4 ,4 ,1 ,2 ,0 ,0 ,1 ,1 ,1 ,1 ,1 ,1 ,0 ,1 ,1 ,1 ,0 ,0 ,1 ,1 ,1 ,2 ,1 ,0 ,0 ,1 ,0 ,0 ,0 ,0 ,1 ,0 ,0 ,0 ,0 ,1 ,0 ,0 ,0 ,1 ,1 ,0 
290 ,1 ,1 ,4 ,2 ,1 ,2 ,0 ,0 ,1 ,1 ,1 ,1 ,1 ,1 ,1 ,1 ,1 ,0 ,1 ,0 ,1 ,1 ,1 ,5 ,1 ,0 ,0 ,1 ,0 ,0 ,0 ,0 ,1 ,0 ,0 ,1 ,0 ,0 ,0 ,1 ,0 ,0 ,0 ,1 
291 ,0 ,1 ,4 ,3 ,1 ,3 ,0 ,0 ,1 ,1 ,0 ,1 ,1 ,1 ,0 ,1 ,0 ,0 ,1 ,0 ,1 ,1 ,1 ,3 ,1 ,0 ,0 ,1 ,0 ,1 ,0 ,0 ,0 ,0 ,0 ,0 ,1 ,0 ,0 ,0 ,0 ,1 ,0 ,1 
292 ,0 ,1 ,2 ,1 ,1 ,2 ,1 ,0 ,0 ,0 ,0 ,1 ,1 ,1 ,1 ,1 ,1 ,1 ,1 ,0 ,1 ,1 ,1 ,2 ,1 ,0 ,0 ,1 ,0 ,0 ,0 ,1 ,0 ,1 ,0 ,0 ,0 ,0 ,0 ,0 ,0 ,1 ,0 ,1 
293 ,0 ,1 ,3 ,1 ,2 ,4 ,0 ,0 ,1 ,1 ,0 ,1 ,1 ,0 ,0 ,1 ,0 ,0 ,1 ,0 ,1 ,1 ,1 ,2 ,1 ,0 ,1 ,0 ,0 ,0 ,0 ,1 ,0 ,0 ,0 ,1 ,0 ,0 ,0 ,0 ,0 ,1 ,0 ,1 
294 ,1 ,1 ,3 ,2 ,2 ,3 ,0 ,0 ,1 ,1 ,1 ,1 ,1 ,1 ,0 ,1 ,1 ,0 ,1 ,0 ,1 ,1 ,1 ,2 ,1 ,0 ,1 ,0 ,0 ,0 ,0 ,1 ,0 ,0 ,0 ,1 ,0 ,0 ,0 ,0 ,0 ,1 ,0 ,1 
295 ,1 ,1 ,3 ,3 ,1 ,1 ,0 ,0 ,1 ,1 ,0 ,1 ,1 ,1 ,0 ,1 ,1 ,1 ,1 ,0 ,1 ,1 ,1 ,4 ,1 ,0 ,0 ,1 ,0 ,1 ,0 ,0 ,0 ,0 ,0 ,1 ,0 ,0 ,0 ,1 ,0 ,0 ,0 ,1 
296 ,0 ,1 ,4 ,4 ,2 ,2 ,0 ,0 ,1 ,1 ,1 ,1 ,1 ,1 ,0 ,0 ,1 ,1 ,0 ,0 ,1 ,0 ,0 ,5 ,1 ,0 ,0 ,1 ,0 ,1 ,0 ,0 ,0 ,0 ,0 ,1 ,0 ,0 ,0 ,0 ,0 ,1 ,0 ,1 
297 ,0 ,1 ,4 ,3 ,2 ,2 ,0 ,0 ,1 ,1 ,0 ,1 ,1 ,1 ,1 ,1 ,1 ,1 ,0 ,0 ,1 ,0 ,0 ,3 ,1 ,0 ,0 ,1 ,0 ,0 ,1 ,0 ,0 ,0 ,0 ,1 ,0 ,0 ,0 ,1 ,0 ,0 ,0 ,1 
298 ,0 ,1 ,4 ,3 ,1 ,4 ,0 ,0 ,1 ,1 ,0 ,1 ,1 ,1 ,0 ,1 ,1 ,1 ,1 ,0 ,1 ,1 ,1 ,2 ,1 ,0 ,0 ,1 ,0 ,0 ,1 ,0 ,0 ,0 ,0 ,1 ,0 ,0 ,0 ,0 ,0 ,1 ,0 ,1 
299 ,1 ,1 ,4 ,4 ,1 ,1 ,0 ,0 ,1 ,1 ,0 ,1 ,1 ,1 ,1 ,0 ,1 ,0 ,0 ,0 ,1 ,1 ,1 ,4 ,1 ,0 ,0 ,1 ,0 ,0 ,0 ,0 ,1 ,0 ,0 ,0 ,0 ,1 ,0 ,1 ,0 ,0 ,0 ,1 
300 ,0 ,1 ,4 ,4 ,1 ,2 ,0 ,0 ,1 ,0 ,0 ,1 ,1 ,1 ,1 ,1 ,0 ,1 ,1 ,0 ,1 ,1 ,1 ,2 ,1 ,0 ,0 ,1 ,0 ,1 ,0 ,0 ,0 ,0 ,0 ,1 ,0 ,0 ,0 ,1 ,0 ,0 ,1 ,0 
301 ,1 ,1 ,4 ,4 ,2 ,1 ,0 ,0 ,0 ,1 ,0 ,1 ,1 ,1 ,0 ,1 ,0 ,0 ,1 ,0 ,1 ,1 ,1 ,4 ,1 ,0 ,0 ,1 ,0 ,0 ,1 ,0 ,0 ,0 ,0 ,0 ,0 ,1 ,0 ,1 ,0 ,0 ,0 ,1 
302 ,0 ,1 ,4 ,2 ,2 ,3 ,0 ,0 ,1 ,1 ,0 ,1 ,1 ,1 ,0 ,1 ,1 ,1 ,1 ,0 ,1 ,1 ,1 ,2 ,1 ,0 ,0 ,1 ,0 ,0 ,1 ,0 ,0 ,0 ,0 ,1 ,0 ,0 ,0 ,0 ,0 ,1 ,0 ,1 
303 ,0 ,1 ,3 ,2 ,1 ,4 ,0 ,0 ,1 ,1 ,1 ,0 ,1 ,1 ,0 ,1 ,0 ,0 ,1 ,0 ,1 ,1 ,1 ,3 ,1 ,0 ,0 ,1 ,0 ,1 ,0 ,0 ,0 ,0 ,1 ,0 ,0 ,0 ,0 ,0 ,0 ,1 ,0 ,1 
304 ,1 ,1 ,3 ,3 ,1 ,2 ,1 ,0 ,1 ,0 ,1 ,1 ,1 ,1 ,1 ,1 ,1 ,1 ,1 ,0 ,1 ,1 ,1 ,2 ,1 ,0 ,0 ,1 ,0 ,0 ,1 ,0 ,0 ,0 ,0 ,1 ,0 ,0 ,0 ,1 ,0 ,0 ,0 ,1 
305 ,0 ,1 ,2 ,4 ,1 ,2 ,1 ,0 ,1 ,1 ,1 ,1 ,1 ,1 ,0 ,1 ,1 ,1 ,1 ,0 ,1 ,1 ,1 ,2 ,1 ,0 ,0 ,1 ,0 ,0 ,0 ,1 ,0 ,1 ,0 ,0 ,0 ,0 ,0 ,0 ,0 ,1 ,0 ,1 
306 ,1 ,1 ,3 ,2 ,1 ,1 ,0 ,0 ,0 ,0 ,1 ,1 ,1 ,0 ,0 ,1 ,1 ,1 ,1 ,0 ,1 ,1 ,1 ,2 ,1 ,0 ,0 ,1 ,0 ,0 ,0 ,1 ,0 ,0 ,0 ,1 ,0 ,0 ,1 ,0 ,0 ,0 ,1 ,0 
307 ,1 ,1 ,4 ,4 ,2 ,1 ,1 ,0 ,1 ,1 ,0 ,1 ,1 ,1 ,1 ,1 ,1 ,1 ,1 ,1 ,0 ,0 ,0 ,2 ,1 ,0 ,0 ,1 ,0 ,0 ,0 ,0 ,1 ,0 ,0 ,0 ,1 ,0 ,0 ,0 ,0 ,1 ,0 ,1 
308 ,1 ,1 ,3 ,3 ,1 ,2 ,1 ,0 ,0 ,0 ,1 ,1 ,1 ,0 ,1 ,1 ,1 ,1 ,1 ,0 ,1 ,1 ,1 ,3 ,1 ,0 ,1 ,0 ,0 ,0 ,1 ,0 ,0 ,0 ,0 ,0 ,1 ,0 ,0 ,0 ,0 ,1 ,0 ,1 
309 ,0 ,1 ,1 ,1 ,1 ,2 ,1 ,1 ,1 ,0 ,1 ,0 ,1 ,1 ,0 ,1 ,1 ,1 ,1 ,0 ,1 ,1 ,1 ,4 ,1 ,0 ,0 ,1 ,1 ,0 ,0 ,0 ,0 ,0 ,0 ,1 ,0 ,0 ,0 ,0 ,0 ,1 ,0 ,1 
310 ,0 ,1 ,1 ,2 ,1 ,2 ,1 ,0 ,0 ,0 ,1 ,0 ,1 ,0 ,1 ,1 ,0 ,1 ,1 ,0 ,0 ,0 ,0 ,4 ,1 ,0 ,0 ,1 ,0 ,0 ,0 ,1 ,0 ,0 ,0 ,0 ,1 ,0 ,0 ,1 ,0 ,0 ,0 ,1 
311 ,0 ,1 ,2 ,1 ,3 ,2 ,0 ,0 ,1 ,0 ,0 ,1 ,0 ,1 ,1 ,1 ,1 ,0 ,0 ,0 ,1 ,1 ,1 ,2 ,1 ,0 ,0 ,1 ,1 ,0 ,0 ,0 ,0 ,0 ,0 ,1 ,0 ,0 ,0 ,0 ,1 ,0 ,0 ,1 
312 ,1 ,1 ,1 ,2 ,1 ,2 ,1 ,0 ,0 ,0 ,0 ,0 ,1 ,1 ,0 ,1 ,1 ,0 ,1 ,0 ,1 ,1 ,1 ,4 ,1 ,0 ,0 ,1 ,0 ,0 ,1 ,0 ,0 ,0 ,0 ,0 ,1 ,0 ,1 ,0 ,0 ,0 ,0 ,1 
313 ,0 ,1 ,3 ,2 ,2 ,2 ,1 ,0 ,1 ,1 ,0 ,0 ,1 ,1 ,1 ,1 ,0 ,0 ,0 ,0 ,1 ,1 ,1 ,3 ,1 ,0 ,0 ,1 ,0 ,0 ,0 ,1 ,0 ,0 ,0 ,1 ,0 ,0 ,0 ,0 ,0 ,1 ,0 ,1 
314 ,0 ,1 ,1 ,1 ,1 ,3 ,2 ,0 ,0 ,0 ,0 ,0 ,1 ,1 ,1 ,1 ,0 ,0 ,1 ,0 ,1 ,1 ,1 ,2 ,1 ,0 ,0 ,1 ,1 ,0 ,0 ,0 ,0 ,0 ,1 ,0 ,0 ,0 ,0 ,1 ,0 ,0 ,0 ,1 
315 ,0 ,1 ,2 ,3 ,1 ,3 ,1 ,0 ,0 ,0 ,0 ,1 ,1 ,1 ,1 ,1 ,0 ,0 ,1 ,1 ,1 ,1 ,1 ,2 ,1 ,0 ,1 ,0 ,0 ,0 ,1 ,0 ,0 ,0 ,0 ,1 ,0 ,0 ,0 ,0 ,0 ,1 ,0 ,1 
316 ,0 ,1 ,2 ,1 ,2 ,2 ,0 ,0 ,1 ,1 ,1 ,1 ,1 ,1 ,0 ,1 ,1 ,1 ,0 ,0 ,0 ,0 ,0 ,3 ,1 ,0 ,0 ,1 ,0 ,0 ,0 ,1 ,0 ,0 ,0 ,1 ,0 ,0 ,1 ,0 ,0 ,0 ,0 ,1 
317 ,0 ,1 ,4 ,3 ,1 ,3 ,0 ,0 ,1 ,1 ,1 ,1 ,1 ,1 ,1 ,1 ,1 ,1 ,1 ,0 ,0 ,1 ,0 ,2 ,1 ,0 ,0 ,1 ,0 ,0 ,1 ,0 ,0 ,0 ,0 ,1 ,0 ,0 ,1 ,0 ,0 ,0 ,0 ,1 
318 ,0 ,1 ,3 ,4 ,1 ,3 ,0 ,0 ,1 ,1 ,1 ,0 ,1 ,1 ,0 ,1 ,1 ,1 ,1 ,0 ,1 ,1 ,1 ,7 ,1 ,0 ,1 ,0 ,1 ,0 ,0 ,0 ,0 ,0 ,0 ,0 ,1 ,0 ,1 ,0 ,0 ,0 ,0 ,1 
319 ,0 ,1 ,4 ,4 ,1 ,2 ,0 ,0 ,1 ,1 ,0 ,1 ,1 ,1 ,0 ,1 ,1 ,1 ,1 ,0 ,1 ,1 ,1 ,6 ,1 ,0 ,0 ,1 ,0 ,0 ,0 ,0 ,1 ,0 ,0 ,1 ,0 ,0 ,1 ,0 ,0 ,0 ,0 ,1 
320 ,0 ,1 ,4 ,3 ,1 ,2 ,0 ,0 ,1 ,1 ,0 ,1 ,1 ,1 ,1 ,1 ,0 ,0 ,1 ,0 ,1 ,1 ,1 ,3 ,1 ,0 ,0 ,1 ,0 ,0 ,0 ,1 ,0 ,0 ,0 ,0 ,1 ,0 ,1 ,0 ,0 ,0 ,1 ,0 
321 ,0 ,1 ,2 ,2 ,1 ,2 ,0 ,0 ,1 ,0 ,0 ,1 ,1 ,0 ,1 ,1 ,0 ,0 ,1 ,0 ,1 ,0 ,0 ,2 ,1 ,0 ,0 ,1 ,0 ,0 ,1 ,0 ,0 ,0 ,0 ,1 ,0 ,0 ,1 ,0 ,0 ,0 ,0 ,1 
322 ,0 ,1 ,2 ,2 ,1 ,3 ,0 ,0 ,1 ,1 ,1 ,1 ,1 ,1 ,0 ,1 ,1 ,0 ,1 ,0 ,1 ,1 ,1 ,4 ,1 ,0 ,1 ,0 ,0 ,0 ,0 ,1 ,0 ,0 ,0 ,0 ,1 ,0 ,1 ,0 ,0 ,0 ,0 ,1 
323 ,0 ,1 ,3 ,1 ,1 ,3 ,0 ,0 ,1 ,0 ,0 ,0 ,1 ,1 ,0 ,1 ,1 ,1 ,1 ,0 ,1 ,1 ,1 ,5 ,1 ,0 ,0 ,1 ,0 ,0 ,0 ,1 ,0 ,0 ,0 ,0 ,1 ,0 ,1 ,0 ,0 ,0 ,0 ,1 
324 ,0 ,1 ,0 ,2 ,2 ,3 ,0 ,0 ,0 ,0 ,0 ,1 ,1 ,1 ,0 ,1 ,1 ,1 ,0 ,0 ,1 ,1 ,1 ,5 ,1 ,0 ,0 ,1 ,1 ,0 ,0 ,0 ,0 ,1 ,0 ,0 ,0 ,0 ,0 ,1 ,0 ,0 ,0 ,1 
325 ,1 ,1 ,4 ,4 ,1 ,3 ,0 ,0 ,0 ,0 ,1 ,1 ,1 ,1 ,0 ,1 ,1 ,1 ,1 ,0 ,0 ,1 ,1 ,4 ,1 ,0 ,0 ,1 ,0 ,0 ,1 ,0 ,0 ,0 ,0 ,1 ,0 ,0 ,1 ,0 ,0 ,0 ,0 ,1 
326 ,1 ,1 ,3 ,3 ,1 ,1 ,0 ,0 ,0 ,0 ,1 ,0 ,1 ,1 ,0 ,1 ,1 ,1 ,1 ,0 ,1 ,1 ,1 ,8 ,1 ,0 ,0 ,1 ,0 ,0 ,1 ,0 ,0 ,0 ,0 ,0 ,1 ,0 ,0 ,0 ,0 ,1 ,0 ,1 
327 ,1 ,1 ,2 ,2 ,4 ,1 ,0 ,0 ,1 ,0 ,0 ,1 ,1 ,1 ,0 ,1 ,1 ,1 ,1 ,0 ,1 ,1 ,1 ,10 ,1 ,0 ,1 ,0 ,0 ,0 ,0 ,1 ,0 ,0 ,0 ,1 ,0 ,0 ,1 ,0 ,0 ,0 ,0 ,1 
328 ,0 ,1 ,4 ,4 ,1 ,3 ,0 ,0 ,1 ,1 ,1 ,1 ,1 ,1 ,0 ,1 ,1 ,1 ,1 ,0 ,1 ,0 ,0 ,4 ,1 ,0 ,0 ,1 ,0 ,0 ,0 ,0 ,1 ,0 ,0 ,0 ,1 ,0 ,1 ,0 ,0 ,0 ,0 ,1 
329 ,0 ,1 ,4 ,4 ,2 ,3 ,0 ,0 ,1 ,1 ,0 ,0 ,1 ,1 ,1 ,1 ,1 ,1 ,1 ,0 ,1 ,1 ,1 ,3 ,1 ,0 ,0 ,1 ,0 ,0 ,0 ,0 ,1 ,0 ,0 ,0 ,0 ,1 ,1 ,0 ,0 ,0 ,0 ,1 
330 ,1 ,1 ,2 ,2 ,1 ,4 ,0 ,0 ,1 ,0 ,1 ,1 ,1 ,1 ,0 ,1 ,1 ,1 ,1 ,0 ,0 ,0 ,0 ,6 ,1 ,0 ,0 ,1 ,0 ,0 ,1 ,0 ,0 ,0 ,0 ,1 ,0 ,0 ,1 ,0 ,0 ,0 ,0 ,1 
331 ,0 ,1 ,2 ,4 ,1 ,3 ,0 ,0 ,1 ,0 ,0 ,1 ,1 ,1 ,1 ,1 ,1 ,1 ,1 ,0 ,1 ,1 ,1 ,2 ,1 ,0 ,1 ,0 ,1 ,0 ,0 ,0 ,0 ,0 ,0 ,1 ,0 ,0 ,1 ,0 ,0 ,0 ,0 ,1 
332 ,0 ,1 ,3 ,3 ,1 ,2 ,0 ,0 ,0 ,0 ,1 ,1 ,1 ,1 ,0 ,1 ,1 ,1 ,1 ,0 ,0 ,0 ,0 ,2 ,1 ,0 ,0 ,1 ,0 ,0 ,0 ,1 ,0 ,0 ,0 ,0 ,1 ,0 ,0 ,1 ,0 ,0 ,0 ,1 
333 ,0 ,1 ,2 ,2 ,1 ,2 ,0 ,0 ,0 ,0 ,1 ,0 ,1 ,1 ,1 ,1 ,1 ,1 ,0 ,0 ,0 ,0 ,0 ,2 ,1 ,0 ,0 ,1 ,0 ,0 ,1 ,0 ,0 ,0 ,0 ,1 ,0 ,0 ,0 ,1 ,0 ,0 ,0 ,1 
334 ,0 ,1 ,2 ,2 ,2 ,4 ,0 ,0 ,0 ,0 ,1 ,1 ,1 ,0 ,0 ,1 ,1 ,1 ,1 ,0 ,1 ,0 ,0 ,2 ,1 ,0 ,1 ,0 ,1 ,0 ,0 ,0 ,0 ,0 ,0 ,1 ,0 ,0 ,1 ,0 ,0 ,0 ,0 ,1 
335 ,0 ,1 ,3 ,4 ,1 ,3 ,0 ,0 ,0 ,0 ,0 ,1 ,1 ,1 ,0 ,1 ,1 ,1 ,1 ,0 ,1 ,1 ,1 ,4 ,1 ,0 ,0 ,1 ,0 ,0 ,0 ,1 ,0 ,0 ,0 ,1 ,0 ,0 ,1 ,0 ,0 ,0 ,0 ,1 
336 ,0 ,1 ,3 ,1 ,1 ,3 ,1 ,0 ,0 ,1 ,0 ,1 ,1 ,0 ,0 ,1 ,1 ,1 ,1 ,0 ,1 ,1 ,1 ,3 ,1 ,0 ,1 ,0 ,0 ,0 ,0 ,1 ,0 ,1 ,0 ,0 ,0 ,0 ,0 ,1 ,0 ,0 ,1 ,0 
337 ,0 ,1 ,3 ,2 ,1 ,2 ,0 ,0 ,1 ,1 ,0 ,1 ,1 ,1 ,1 ,1 ,1 ,0 ,0 ,0 ,0 ,0 ,0 ,5 ,1 ,0 ,0 ,1 ,0 ,0 ,1 ,0 ,0 ,0 ,0 ,1 ,0 ,0 ,0 ,1 ,0 ,0 ,0 ,1 
338 ,0 ,1 ,3 ,3 ,1 ,4 ,0 ,0 ,1 ,0 ,0 ,1 ,1 ,1 ,0 ,1 ,1 ,1 ,0 ,0 ,1 ,1 ,1 ,2 ,1 ,0 ,0 ,1 ,0 ,0 ,0 ,1 ,0 ,0 ,0 ,0 ,1 ,0 ,0 ,1 ,0 ,0 ,0 ,1 
339 ,0 ,1 ,3 ,2 ,1 ,2 ,0 ,0 ,1 ,1 ,0 ,1 ,1 ,1 ,0 ,1 ,1 ,1 ,0 ,0 ,0 ,1 ,1 ,5 ,1 ,0 ,1 ,0 ,0 ,0 ,1 ,0 ,0 ,0 ,0 ,1 ,0 ,0 ,0 ,1 ,0 ,0 ,1 ,0 
340 ,0 ,1 ,2 ,1 ,1 ,3 ,1 ,0 ,0 ,1 ,1 ,1 ,1 ,1 ,1 ,1 ,1 ,1 ,1 ,0 ,1 ,1 ,1 ,4 ,1 ,0 ,0 ,1 ,0 ,0 ,0 ,1 ,0 ,0 ,0 ,0 ,1 ,0 ,0 ,1 ,0 ,0 ,0 ,1 
341 ,1 ,1 ,4 ,4 ,1 ,2 ,1 ,0 ,1 ,0 ,1 ,1 ,1 ,1 ,0 ,1 ,1 ,1 ,0 ,0 ,1 ,1 ,0 ,4 ,1 ,0 ,0 ,1 ,0 ,0 ,0 ,0 ,1 ,0 ,0 ,0 ,1 ,0 ,0 ,1 ,0 ,0 ,0 ,1 
342 ,1 ,1 ,3 ,4 ,1 ,2 ,0 ,0 ,0 ,0 ,1 ,1 ,1 ,1 ,1 ,1 ,1 ,1 ,1 ,0 ,1 ,1 ,1 ,4 ,1 ,0 ,0 ,1 ,0 ,0 ,0 ,1 ,0 ,0 ,0 ,1 ,0 ,0 ,0 ,1 ,0 ,0 ,0 ,1 
343 ,0 ,1 ,2 ,2 ,1 ,2 ,1 ,0 ,1 ,0 ,0 ,1 ,1 ,1 ,1 ,1 ,1 ,0 ,1 ,0 ,0 ,0 ,0 ,3 ,1 ,0 ,0 ,1 ,1 ,0 ,0 ,0 ,0 ,1 ,0 ,0 ,0 ,0 ,0 ,1 ,0 ,0 ,1 ,0 
344 ,0 ,1 ,2 ,3 ,1 ,3 ,0 ,0 ,1 ,0 ,0 ,1 ,1 ,1 ,0 ,1 ,1 ,1 ,1 ,0 ,1 ,1 ,1 ,3 ,1 ,0 ,0 ,1 ,1 ,0 ,0 ,0 ,0 ,0 ,0 ,1 ,0 ,0 ,1 ,0 ,0 ,0 ,0 ,1 
345 ,0 ,1 ,3 ,2 ,1 ,3 ,0 ,0 ,0 ,0 ,0 ,1 ,1 ,1 ,1 ,1 ,1 ,1 ,0 ,0 ,1 ,1 ,1 ,5 ,1 ,0 ,0 ,1 ,0 ,0 ,1 ,0 ,0 ,0 ,0 ,0 ,1 ,0 ,0 ,0 ,1 ,0 ,0 ,1 
346 ,1 ,1 ,4 ,3 ,1 ,3 ,0 ,0 ,0 ,0 ,0 ,1 ,1 ,1 ,1 ,1 ,1 ,0 ,1 ,0 ,1 ,1 ,1 ,3 ,1 ,0 ,1 ,0 ,0 ,0 ,0 ,0 ,1 ,0 ,0 ,0 ,1 ,0 ,1 ,0 ,0 ,0 ,0 ,1 
347 ,1 ,1 ,4 ,3 ,1 ,3 ,0 ,0 ,1 ,1 ,0 ,1 ,1 ,1 ,1 ,1 ,1 ,1 ,1 ,0 ,1 ,1 ,0 ,5 ,1 ,0 ,0 ,1 ,0 ,0 ,0 ,0 ,1 ,0 ,0 ,1 ,0 ,0 ,1 ,0 ,0 ,0 ,0 ,1 
348 ,0 ,1 ,4 ,3 ,1 ,3 ,0 ,0 ,1 ,1 ,1 ,1 ,1 ,1 ,1 ,1 ,1 ,1 ,1 ,0 ,1 ,1 ,1 ,4 ,1 ,0 ,0 ,1 ,0 ,1 ,0 ,0 ,0 ,0 ,0 ,1 ,0 ,0 ,0 ,0 ,0 ,1 ,0 ,1 
349 ,1 ,1 ,3 ,2 ,2 ,1 ,1 ,0 ,1 ,0 ,0 ,0 ,1 ,1 ,0 ,0 ,1 ,1 ,1 ,0 ,1 ,1 ,1 ,10 ,0 ,1 ,1 ,0 ,0 ,0 ,1 ,0 ,0 ,0 ,0 ,1 ,0 ,0 ,1 ,0 ,0 ,0 ,0 ,1 
350 ,1 ,1 ,1 ,1 ,3 ,2 ,3 ,0 ,0 ,0 ,0 ,1 ,1 ,1 ,0 ,1 ,1 ,1 ,0 ,0 ,0 ,0 ,0 ,6 ,0 ,1 ,1 ,0 ,0 ,0 ,1 ,0 ,0 ,0 ,0 ,0 ,1 ,0 ,0 ,1 ,0 ,0 ,0 ,1 
351 ,1 ,1 ,3 ,3 ,2 ,2 ,0 ,0 ,1 ,1 ,0 ,1 ,1 ,1 ,0 ,1 ,1 ,1 ,1 ,0 ,1 ,1 ,1 ,5 ,0 ,1 ,0 ,1 ,0 ,1 ,0 ,0 ,0 ,0 ,0 ,1 ,0 ,0 ,1 ,0 ,0 ,0 ,0 ,1 
352 ,1 ,1 ,1 ,3 ,1 ,1 ,1 ,0 ,0 ,0 ,0 ,1 ,0 ,1 ,1 ,1 ,1 ,1 ,1 ,0 ,0 ,0 ,0 ,5 ,0 ,1 ,0 ,1 ,1 ,0 ,0 ,0 ,0 ,0 ,0 ,0 ,1 ,0 ,1 ,0 ,0 ,0 ,0 ,1 
353 ,1 ,1 ,1 ,1 ,3 ,1 ,1 ,0 ,1 ,0 ,0 ,1 ,1 ,1 ,0 ,1 ,1 ,1 ,1 ,0 ,0 ,0 ,0 ,6 ,0 ,1 ,1 ,0 ,0 ,0 ,1 ,0 ,0 ,0 ,0 ,1 ,0 ,0 ,0 ,1 ,0 ,0 ,0 ,1 
354 ,1 ,1 ,4 ,3 ,2 ,2 ,0 ,0 ,1 ,1 ,1 ,0 ,1 ,1 ,1 ,1 ,1 ,1 ,0 ,0 ,1 ,1 ,1 ,4 ,0 ,1 ,1 ,0 ,0 ,0 ,0 ,1 ,0 ,0 ,0 ,1 ,0 ,0 ,0 ,1 ,0 ,0 ,0 ,1 
355 ,0 ,1 ,3 ,3 ,1 ,2 ,0 ,0 ,1 ,0 ,0 ,1 ,1 ,0 ,1 ,1 ,1 ,1 ,1 ,0 ,1 ,0 ,0 ,2 ,0 ,1 ,0 ,1 ,0 ,0 ,0 ,1 ,0 ,0 ,0 ,0 ,1 ,0 ,1 ,0 ,0 ,0 ,0 ,1 
356 ,0 ,1 ,4 ,4 ,2 ,2 ,0 ,0 ,1 ,1 ,1 ,1 ,1 ,1 ,0 ,1 ,1 ,1 ,1 ,0 ,1 ,1 ,1 ,3 ,0 ,1 ,1 ,0 ,0 ,0 ,0 ,0 ,1 ,0 ,0 ,0 ,1 ,0 ,0 ,0 ,1 ,0 ,0 ,1 
357 ,0 ,1 ,3 ,2 ,2 ,2 ,0 ,0 ,0 ,0 ,0 ,1 ,1 ,0 ,1 ,0 ,0 ,1 ,1 ,0 ,1 ,1 ,1 ,3 ,0 ,1 ,0 ,1 ,0 ,0 ,0 ,1 ,0 ,0 ,0 ,1 ,0 ,0 ,0 ,0 ,0 ,1 ,1 ,0 
358 ,1 ,1 ,1 ,1 ,2 ,1 ,0 ,0 ,0 ,0 ,0 ,0 ,1 ,1 ,1 ,1 ,1 ,0 ,1 ,0 ,1 ,1 ,1 ,3 ,0 ,1 ,0 ,1 ,0 ,0 ,1 ,0 ,0 ,0 ,0 ,0 ,1 ,0 ,0 ,1 ,0 ,0 ,0 ,1 
359 ,0 ,1 ,1 ,1 ,2 ,3 ,0 ,0 ,0 ,0 ,0 ,1 ,1 ,1 ,0 ,1 ,1 ,0 ,1 ,0 ,1 ,1 ,1 ,2 ,0 ,1 ,0 ,1 ,1 ,0 ,0 ,0 ,0 ,0 ,0 ,0 ,1 ,0 ,1 ,0 ,0 ,0 ,0 ,1 
360 ,0 ,1 ,1 ,4 ,3 ,2 ,0 ,0 ,0 ,0 ,0 ,1 ,1 ,0 ,1 ,1 ,1 ,1 ,1 ,0 ,1 ,1 ,1 ,5 ,0 ,1 ,1 ,0 ,1 ,0 ,0 ,0 ,0 ,0 ,0 ,1 ,0 ,0 ,1 ,0 ,0 ,0 ,1 ,0 
361 ,1 ,1 ,1 ,1 ,2 ,2 ,1 ,0 ,0 ,0 ,1 ,0 ,0 ,0 ,0 ,1 ,1 ,1 ,1 ,0 ,1 ,1 ,1 ,5 ,0 ,1 ,1 ,0 ,1 ,0 ,0 ,0 ,0 ,0 ,0 ,1 ,0 ,0 ,0 ,0 ,1 ,0 ,0 ,1 
362 ,0 ,1 ,3 ,3 ,2 ,2 ,0 ,0 ,1 ,0 ,0 ,1 ,1 ,1 ,1 ,1 ,1 ,0 ,1 ,0 ,1 ,1 ,1 ,4 ,0 ,1 ,0 ,1 ,0 ,0 ,0 ,1 ,0 ,0 ,0 ,0 ,1 ,0 ,0 ,0 ,1 ,0 ,0 ,1 
363 ,0 ,1 ,4 ,4 ,1 ,2 ,0 ,0 ,1 ,1 ,1 ,1 ,1 ,1 ,1 ,0 ,1 ,1 ,0 ,0 ,1 ,1 ,1 ,2 ,0 ,1 ,0 ,1 ,1 ,0 ,0 ,0 ,0 ,1 ,0 ,0 ,0 ,0 ,1 ,0 ,0 ,0 ,0 ,1 
364 ,0 ,1 ,1 ,2 ,2 ,2 ,0 ,0 ,0 ,0 ,0 ,0 ,1 ,0 ,0 ,1 ,0 ,0 ,1 ,0 ,1 ,1 ,1 ,3 ,0 ,1 ,1 ,0 ,0 ,0 ,1 ,0 ,0 ,0 ,0 ,0 ,1 ,0 ,1 ,0 ,0 ,0 ,0 ,1 
365 ,1 ,1 ,1 ,3 ,2 ,2 ,0 ,0 ,1 ,1 ,0 ,1 ,1 ,0 ,0 ,1 ,1 ,1 ,1 ,0 ,1 ,1 ,1 ,6 ,0 ,1 ,1 ,0 ,1 ,0 ,0 ,0 ,0 ,0 ,0 ,1 ,0 ,0 ,1 ,0 ,0 ,0 ,0 ,1 
366 ,1 ,1 ,4 ,4 ,2 ,3 ,0 ,0 ,0 ,1 ,0 ,1 ,1 ,1 ,1 ,1 ,0 ,0 ,1 ,0 ,1 ,1 ,1 ,4 ,0 ,1 ,0 ,1 ,0 ,0 ,0 ,0 ,1 ,0 ,0 ,0 ,1 ,0 ,0 ,0 ,1 ,0 ,0 ,1 
367 ,0 ,1 ,1 ,1 ,3 ,1 ,1 ,0 ,1 ,1 ,0 ,1 ,1 ,1 ,1 ,1 ,0 ,0 ,0 ,0 ,0 ,0 ,0 ,3 ,0 ,1 ,1 ,0 ,0 ,0 ,1 ,0 ,0 ,0 ,0 ,0 ,1 ,0 ,0 ,0 ,0 ,1 ,0 ,1 
368 ,0 ,1 ,2 ,3 ,2 ,1 ,0 ,0 ,1 ,1 ,0 ,1 ,1 ,1 ,1 ,1 ,0 ,1 ,1 ,0 ,1 ,1 ,1 ,3 ,0 ,1 ,0 ,1 ,1 ,0 ,0 ,0 ,0 ,0 ,0 ,0 ,1 ,0 ,1 ,0 ,0 ,0 ,0 ,1 
369 ,0 ,1 ,4 ,4 ,3 ,2 ,0 ,0 ,1 ,1 ,0 ,0 ,1 ,1 ,1 ,1 ,0 ,0 ,1 ,0 ,1 ,1 ,1 ,6 ,0 ,1 ,1 ,0 ,0 ,0 ,1 ,0 ,0 ,0 ,0 ,0 ,0 ,1 ,0 ,0 ,1 ,0 ,0 ,1 
370 ,0 ,1 ,3 ,2 ,2 ,2 ,2 ,0 ,0 ,0 ,1 ,1 ,1 ,0 ,1 ,1 ,0 ,0 ,1 ,0 ,0 ,0 ,0 ,2 ,0 ,1 ,0 ,1 ,0 ,0 ,0 ,1 ,0 ,0 ,0 ,0 ,1 ,0 ,0 ,1 ,0 ,0 ,0 ,1 
371 ,1 ,1 ,1 ,2 ,3 ,1 ,0 ,0 ,1 ,1 ,1 ,1 ,0 ,1 ,1 ,1 ,1 ,1 ,1 ,0 ,1 ,1 ,1 ,5 ,0 ,1 ,1 ,0 ,1 ,0 ,0 ,0 ,0 ,0 ,0 ,0 ,1 ,0 ,0 ,0 ,1 ,0 ,0 ,1 
372 ,0 ,1 ,2 ,2 ,1 ,3 ,0 ,0 ,0 ,0 ,1 ,1 ,1 ,0 ,1 ,1 ,1 ,1 ,1 ,0 ,1 ,1 ,1 ,2 ,0 ,1 ,0 ,1 ,0 ,0 ,1 ,0 ,0 ,1 ,0 ,0 ,0 ,0 ,0 ,1 ,0 ,0 ,0 ,1 
373 ,0 ,1 ,1 ,2 ,1 ,1 ,0 ,0 ,0 ,0 ,1 ,1 ,1 ,1 ,0 ,1 ,1 ,1 ,0 ,0 ,0 ,0 ,0 ,4 ,0 ,1 ,1 ,0 ,0 ,0 ,1 ,0 ,0 ,0 ,0 ,1 ,0 ,0 ,1 ,0 ,0 ,0 ,0 ,1 
374 ,0 ,1 ,4 ,4 ,2 ,3 ,0 ,0 ,0 ,0 ,0 ,1 ,1 ,1 ,0 ,1 ,1 ,1 ,0 ,0 ,1 ,1 ,1 ,2 ,0 ,1 ,1 ,0 ,0 ,0 ,1 ,0 ,0 ,0 ,0 ,1 ,0 ,0 ,0 ,0 ,0 ,1 ,0 ,1 
375 ,0 ,1 ,1 ,1 ,4 ,3 ,0 ,0 ,0 ,0 ,0 ,1 ,1 ,1 ,0 ,1 ,1 ,0 ,1 ,0 ,0 ,0 ,1 ,3 ,0 ,1 ,1 ,0 ,0 ,0 ,1 ,0 ,0 ,0 ,0 ,1 ,0 ,0 ,0 ,1 ,0 ,0 ,0 ,1 
376 ,0 ,1 ,4 ,2 ,2 ,3 ,2 ,0 ,1 ,1 ,0 ,0 ,1 ,1 ,1 ,1 ,1 ,1 ,1 ,0 ,1 ,1 ,1 ,2 ,0 ,1 ,0 ,1 ,0 ,1 ,0 ,0 ,0 ,0 ,0 ,1 ,0 ,0 ,1 ,0 ,0 ,0 ,0 ,1 
377 ,0 ,1 ,4 ,4 ,1 ,2 ,0 ,0 ,0 ,1 ,1 ,1 ,1 ,1 ,0 ,1 ,1 ,1 ,0 ,0 ,0 ,0 ,1 ,7 ,0 ,1 ,1 ,0 ,0 ,0 ,0 ,0 ,1 ,0 ,0 ,0 ,1 ,0 ,1 ,0 ,0 ,0 ,0 ,1 
378 ,0 ,1 ,3 ,3 ,1 ,2 ,0 ,0 ,0 ,1 ,0 ,1 ,1 ,1 ,1 ,1 ,0 ,1 ,0 ,0 ,1 ,1 ,1 ,3 ,0 ,1 ,0 ,1 ,0 ,0 ,1 ,0 ,0 ,0 ,0 ,1 ,0 ,0 ,0 ,1 ,0 ,0 ,0 ,1 
379 ,0 ,1 ,3 ,1 ,1 ,2 ,0 ,0 ,1 ,1 ,1 ,0 ,1 ,1 ,0 ,1 ,1 ,1 ,0 ,0 ,1 ,1 ,1 ,5 ,0 ,1 ,1 ,0 ,1 ,0 ,0 ,0 ,0 ,0 ,0 ,1 ,0 ,0 ,0 ,0 ,0 ,1 ,0 ,1 
380 ,1 ,1 ,4 ,4 ,1 ,2 ,0 ,0 ,0 ,1 ,1 ,0 ,1 ,1 ,0 ,1 ,0 ,1 ,0 ,0 ,1 ,1 ,1 ,5 ,0 ,1 ,0 ,1 ,0 ,0 ,0 ,0 ,1 ,0 ,0 ,0 ,0 ,1 ,0 ,1 ,0 ,0 ,0 ,1 
381 ,1 ,1 ,2 ,1 ,2 ,1 ,0 ,0 ,0 ,0 ,1 ,0 ,1 ,1 ,1 ,1 ,1 ,1 ,1 ,0 ,0 ,0 ,0 ,4 ,0 ,1 ,1 ,0 ,0 ,0 ,1 ,0 ,0 ,0 ,0 ,1 ,0 ,0 ,0 ,0 ,1 ,0 ,0 ,1 
382 ,1 ,1 ,2 ,3 ,2 ,2 ,0 ,0 ,0 ,0 ,1 ,1 ,1 ,1 ,0 ,1 ,1 ,1 ,1 ,0 ,1 ,1 ,1 ,2 ,0 ,1 ,0 ,1 ,0 ,0 ,1 ,0 ,0 ,0 ,0 ,0 ,1 ,0 ,0 ,1 ,0 ,0 ,0 ,1 
383 ,1 ,1 ,1 ,1 ,2 ,1 ,1 ,0 ,0 ,0 ,0 ,1 ,1 ,0 ,0 ,1 ,1 ,0 ,1 ,0 ,0 ,0 ,0 ,4 ,0 ,1 ,1 ,0 ,0 ,0 ,1 ,0 ,0 ,0 ,0 ,0 ,1 ,0 ,0 ,0 ,1 ,0 ,0 ,1 
384 ,1 ,1 ,4 ,2 ,2 ,1 ,1 ,0 ,0 ,1 ,0 ,1 ,1 ,0 ,0 ,1 ,1 ,1 ,1 ,0 ,0 ,0 ,0 ,7 ,0 ,1 ,1 ,0 ,0 ,0 ,1 ,0 ,0 ,0 ,0 ,1 ,0 ,0 ,0 ,1 ,0 ,0 ,0 ,1 
385 ,0 ,1 ,2 ,2 ,2 ,3 ,0 ,0 ,0 ,1 ,0 ,1 ,1 ,0 ,0 ,1 ,1 ,1 ,1 ,0 ,1 ,0 ,1 ,4 ,0 ,1 ,1 ,0 ,1 ,0 ,0 ,0 ,0 ,0 ,0 ,1 ,0 ,0 ,0 ,0 ,1 ,0 ,0 ,1 
386 ,0 ,1 ,4 ,4 ,3 ,1 ,0 ,0 ,1 ,1 ,1 ,1 ,1 ,1 ,1 ,1 ,1 ,1 ,1 ,0 ,0 ,0 ,0 ,4 ,0 ,1 ,1 ,0 ,0 ,0 ,0 ,0 ,1 ,1 ,0 ,0 ,0 ,0 ,0 ,0 ,0 ,1 ,0 ,1 
387 ,0 ,1 ,2 ,3 ,1 ,3 ,1 ,0 ,0 ,0 ,1 ,0 ,1 ,1 ,0 ,1 ,1 ,0 ,1 ,0 ,0 ,0 ,0 ,3 ,0 ,1 ,1 ,0 ,0 ,0 ,0 ,1 ,0 ,0 ,0 ,1 ,0 ,0 ,1 ,0 ,0 ,0 ,0 ,1 
388 ,0 ,1 ,3 ,1 ,1 ,2 ,0 ,0 ,1 ,1 ,0 ,1 ,1 ,1 ,0 ,1 ,1 ,1 ,0 ,0 ,0 ,0 ,0 ,2 ,0 ,1 ,0 ,1 ,0 ,0 ,0 ,0 ,1 ,0 ,0 ,0 ,1 ,0 ,1 ,0 ,0 ,0 ,0 ,1 
389 ,0 ,1 ,1 ,1 ,2 ,2 ,1 ,0 ,0 ,0 ,1 ,1 ,1 ,0 ,0 ,0 ,0 ,0 ,1 ,0 ,0 ,0 ,0 ,2 ,0 ,1 ,0 ,1 ,0 ,0 ,1 ,0 ,0 ,0 ,0 ,1 ,0 ,0 ,1 ,0 ,0 ,0 ,0 ,1 
390 ,1 ,1 ,2 ,2 ,1 ,2 ,2 ,0 ,1 ,1 ,0 ,1 ,1 ,0 ,0 ,1 ,1 ,1 ,1 ,0 ,0 ,0 ,0 ,9 ,0 ,1 ,0 ,1 ,0 ,0 ,0 ,1 ,0 ,0 ,0 ,0 ,1 ,0 ,1 ,0 ,0 ,0 ,1 ,0 
391 ,1 ,1 ,3 ,1 ,2 ,1 ,0 ,0 ,0 ,0 ,0 ,0 ,1 ,1 ,0 ,0 ,1 ,1 ,0 ,0 ,1 ,1 ,1 ,7 ,0 ,1 ,0 ,1 ,0 ,0 ,0 ,1 ,0 ,0 ,0 ,0 ,1 ,0 ,1 ,0 ,0 ,0 ,0 ,1 
392 ,1 ,1 ,1 ,1 ,1 ,1 ,3 ,0 ,0 ,0 ,0 ,0 ,1 ,0 ,0 ,1 ,1 ,1 ,1 ,0 ,1 ,0 ,0 ,6 ,0 ,1 ,1 ,0 ,0 ,0 ,1 ,0 ,0 ,0 ,0 ,1 ,0 ,0 ,1 ,0 ,0 ,0 ,0 ,1 
393 ,1 ,1 ,3 ,2 ,3 ,1 ,0 ,0 ,0 ,0 ,0 ,0 ,1 ,1 ,0 ,1 ,1 ,0 ,1 ,0 ,1 ,1 ,1 ,7 ,0 ,1 ,1 ,0 ,0 ,0 ,0 ,1 ,0 ,0 ,0 ,1 ,0 ,0 ,1 ,0 ,0 ,0 ,0 ,1 
394 ,1 ,1 ,1 ,1 ,1 ,1 ,0 ,0 ,0 ,0 ,0 ,1 ,1 ,1 ,0 ,1 ,0 ,1 ,1 ,0 ,0 ,0 ,0 ,6 ,0 ,1 ,0 ,1 ,0 ,0 ,1 ,0 ,0 ,1 ,0 ,0 ,0 ,0 ,1 ,0 ,0 ,0 ,0 ,1 